Country,Year,Age,Both Sexes Population,Male Population,Female Population,Percent Both Sexes,Percent Male,Percent Female,Sex Ratio
Croatia,1991,Total,4540641,2185030,2355611,100,100,100,"92,8"
Croatia,1991,0-4,273009,139515,133494,6,"6,4","5,7","104,5"
Croatia,1991,5-9,309224,158294,150930,"6,8","7,2","6,4","104,9"
Croatia,1991,10-14,326478,166563,159915,"7,2","7,6","6,8","104,2"
Croatia,1991,15-19,313293,159629,153664,"6,9","7,3","6,5","103,9"
Croatia,1991,20-24,298607,151095,147512,"6,6","6,9","6,3","102,4"
Croatia,1991,25-29,324962,163187,161775,"7,2","7,5","6,9","100,9"
Croatia,1991,30-34,354552,178400,176152,"7,8","8,2","7,5","101,3"
Croatia,1991,35-39,369880,188968,180912,"8,1","8,6","7,7","104,5"
Croatia,1991,40-44,333953,172846,161107,"7,4","7,9","6,8","107,3"
Croatia,1991,45-49,232378,115387,116991,"5,1","5,3",5,"98,6"
Croatia,1991,50-54,280994,134911,146083,"6,2","6,2","6,2","92,4"
Croatia,1991,55-59,294436,137658,156778,"6,5","6,3","6,7","87,8"
Croatia,1991,60-64,271234,120925,150309,6,"5,5","6,4","80,5"
Croatia,1991,65-69,217773,81646,136127,"4,8","3,7","5,8",60
Croatia,1991,70-74,124195,44460,79735,"2,7",2,"3,4","55,8"
Croatia,1991,75-79,107011,37329,69682,"2,4","1,7",3,"53,6"
Croatia,1991,80-84,73997,24381,49616,"1,6","1,1","2,1","49,1"
Croatia,1991,85-89,29947,8575,21372,"0,7","0,4","0,9","40,1"
Croatia,1991,90-94,4441,1194,3247,"0,1","0,1","0,1","36,8"
Croatia,1991,95-99,271,66,205,0,0,0,"32,2"
Croatia,1991,100+,6,1,5,0,0,0,20
Croatia,1992,Total,4490682,2162937,2327745,100,100,100,"92,9"
Croatia,1992,0-4,263015,134637,128378,"5,9","6,2","5,5","104,9"
Croatia,1992,5-9,297645,152309,145336,"6,6",7,"6,2","104,8"
Croatia,1992,10-14,322335,164687,157648,"7,2","7,6","6,8","104,5"
Croatia,1992,15-19,309799,157650,152149,"6,9","7,3","6,5","103,6"
Croatia,1992,20-24,292686,148546,144140,"6,5","6,9","6,2","103,1"
Croatia,1992,25-29,316801,159344,157457,"7,1","7,4","6,8","101,2"
Croatia,1992,30-34,344557,173348,171209,"7,7",8,"7,4","101,2"
Croatia,1992,35-39,370133,188627,181506,"8,2","8,7","7,8","103,9"
Croatia,1992,40-44,337890,175092,162798,"7,5","8,1",7,"107,6"
Croatia,1992,45-49,238849,120018,118831,"5,3","5,5","5,1",101
Croatia,1992,50-54,270743,130473,140270,6,6,6,93
Croatia,1992,55-59,288904,135148,153756,"6,4","6,2","6,6","87,9"
Croatia,1992,60-64,272964,122838,150126,"6,1","5,7","6,4","81,8"
Croatia,1992,65-69,218503,83461,135042,"4,9","3,9","5,8","61,8"
Croatia,1992,70-74,143463,50585,92878,"3,2","2,3",4,"54,5"
Croatia,1992,75-79,91828,31634,60194,2,"1,5","2,6","52,6"
Croatia,1992,80-84,74228,24241,49987,"1,7","1,1","2,1","48,5"
Croatia,1992,85-89,30804,8828,21976,"0,7","0,4","0,9","40,2"
Croatia,1992,90-94,5186,1385,3801,"0,1","0,1","0,2","36,4"
Croatia,1992,95-99,340,84,256,0,0,0,"32,8"
Croatia,1992,100+,9,2,7,0,0,0,"28,6"
Croatia,1993,Total,4478370,2156395,2321975,100,100,100,"92,9"
Croatia,1993,0-4,254643,130621,124022,"5,7","6,1","5,3","105,3"
Croatia,1993,5-9,290805,148711,142094,"6,5","6,9","6,1","104,7"
Croatia,1993,10-14,319999,163673,156326,"7,1","7,6","6,7","104,7"
Croatia,1993,15-19,312097,158766,153331,7,"7,4","6,6","103,5"
Croatia,1993,20-24,293386,148879,144507,"6,6","6,9","6,2",103
Croatia,1993,25-29,310748,156199,154549,"6,9","7,2","6,7","101,1"
Croatia,1993,30-34,338035,169764,168271,"7,5","7,9","7,2","100,9"
Croatia,1993,35-39,364779,185174,179605,"8,1","8,6","7,7","103,1"
Croatia,1993,40-44,349108,180078,169030,"7,8","8,4","7,3","106,5"
Croatia,1993,45-49,250045,126939,123106,"5,6","5,9","5,3","103,1"
Croatia,1993,50-54,260628,125872,134756,"5,8","5,8","5,8","93,4"
Croatia,1993,55-59,283910,132884,151026,"6,3","6,2","6,5",88
Croatia,1993,60-64,276142,124171,151971,"6,2","5,8","6,5","81,7"
Croatia,1993,65-69,220980,86710,134270,"4,9",4,"5,8","64,6"
Croatia,1993,70-74,162582,56572,106010,"3,6","2,6","4,6","53,4"
Croatia,1993,75-79,77337,26313,51024,"1,7","1,2","2,2","51,6"
Croatia,1993,80-84,75164,24227,50937,"1,7","1,1","2,2","47,6"
Croatia,1993,85-89,31567,9145,22422,"0,7","0,4",1,"40,8"
Croatia,1993,90-94,5979,1588,4391,"0,1","0,1","0,2","36,2"
Croatia,1993,95-99,425,107,318,0,0,0,"33,6"
Croatia,1993,100+,11,2,9,0,0,0,"22,2"
Croatia,1994,Total,4499274,2163603,2335671,100,100,100,"92,6"
Croatia,1994,0-4,250454,128534,121920,"5,6","5,9","5,2","105,4"
Croatia,1994,5-9,285733,146068,139665,"6,4","6,8",6,"104,6"
Croatia,1994,10-14,319546,163559,155987,"7,1","7,6","6,7","104,9"
Croatia,1994,15-19,318626,162153,156473,"7,1","7,5","6,7","103,6"
Croatia,1994,20-24,299572,151807,147765,"6,7",7,"6,3","102,7"
Croatia,1994,25-29,307050,153929,153121,"6,8","7,1","6,6","100,5"
Croatia,1994,30-34,332260,166315,165945,"7,4","7,7","7,1","100,2"
Croatia,1994,35-39,363277,183145,180132,"8,1","8,5","7,7","101,7"
Croatia,1994,40-44,355746,182550,173196,"7,9","8,4","7,4","105,4"
Croatia,1994,45-49,272102,138922,133180,6,"6,4","5,7","104,3"
Croatia,1994,50-54,248522,120344,128178,"5,5","5,6","5,5","93,9"
Croatia,1994,55-59,278044,129620,148424,"6,2",6,"6,4","87,3"
Croatia,1994,60-64,278838,125226,153612,"6,2","5,8","6,6","81,5"
Croatia,1994,65-69,226357,91305,135052,5,"4,2","5,8","67,6"
Croatia,1994,70-74,176604,60836,115768,"3,9","2,8",5,"52,5"
Croatia,1994,75-79,71222,23812,47410,"1,6","1,1",2,"50,2"
Croatia,1994,80-84,75153,23967,51186,"1,7","1,1","2,2","46,8"
Croatia,1994,85-89,32723,9560,23163,"0,7","0,4",1,"41,3"
Croatia,1994,90-94,6897,1812,5085,"0,2","0,1","0,2","35,6"
Croatia,1994,95-99,533,135,398,0,0,0,"33,9"
Croatia,1994,100+,15,4,11,0,0,0,"36,4"
Croatia,1995,Total,4480936,2155273,2325663,100,100,100,"92,7"
Croatia,1995,0-4,245218,125817,119401,"5,5","5,8","5,1","105,4"
Croatia,1995,5-9,276274,141190,135084,"6,2","6,6","5,8","104,5"
Croatia,1995,10-14,312936,160155,152781,7,"7,4","6,6","104,8"
Croatia,1995,15-19,320501,163213,157288,"7,2","7,6","6,8","103,8"
Croatia,1995,20-24,303702,154195,149507,"6,8","7,2","6,4","103,1"
Croatia,1995,25-29,300117,150759,149358,"6,7",7,"6,4","100,9"
Croatia,1995,30-34,323940,162055,161885,"7,2","7,5",7,"100,1"
Croatia,1995,35-39,355673,178799,176874,"7,9","8,3","7,6","101,1"
Croatia,1995,40-44,358949,183466,175483,8,"8,5","7,5","104,5"
Croatia,1995,45-49,301146,154578,146568,"6,7","7,2","6,3","105,5"
Croatia,1995,50-54,232229,112959,119270,"5,2","5,2","5,1","94,7"
Croatia,1995,55-59,271930,126856,145074,"6,1","5,9","6,2","87,4"
Croatia,1995,60-64,275365,123578,151787,"6,1","5,7","6,5","81,4"
Croatia,1995,65-69,231474,95769,135705,"5,2","4,4","5,8","70,6"
Croatia,1995,70-74,177385,60804,116581,4,"2,8",5,"52,2"
Croatia,1995,75-79,78965,26171,52794,"1,8","1,2","2,3","49,6"
Croatia,1995,80-84,72795,22848,49947,"1,6","1,1","2,1","45,7"
Croatia,1995,85-89,33750,9846,23904,"0,8","0,5",1,"41,2"
Croatia,1995,90-94,7900,2042,5858,"0,2","0,1","0,3","34,9"
Croatia,1995,95-99,665,167,498,0,0,0,"33,5"
Croatia,1995,100+,22,6,16,0,0,0,"37,5"
Croatia,1996,Total,4445463,2140920,2304543,100,100,100,"92,9"
Croatia,1996,0-4,242689,124749,117940,"5,5","5,8","5,1","105,8"
Croatia,1996,5-9,267648,136764,130884,6,"6,4","5,7","104,5"
Croatia,1996,10-14,302218,154707,147511,"6,8","7,2","6,4","104,9"
Croatia,1996,15-19,318796,162502,156294,"7,2","7,6","6,8",104
Croatia,1996,20-24,305008,155051,149957,"6,9","7,2","6,5","103,4"
Croatia,1996,25-29,290819,146746,144073,"6,5","6,9","6,3","101,9"
Croatia,1996,30-34,317566,159264,158302,"7,1","7,4","6,9","100,6"
Croatia,1996,35-39,346497,174088,172409,"7,8","8,1","7,5",101
Croatia,1996,40-44,360898,183923,176975,"8,1","8,6","7,7","103,9"
Croatia,1996,45-49,323943,166801,157142,"7,3","7,8","6,8","106,1"
Croatia,1996,50-54,221767,108626,113141,5,"5,1","4,9",96
Croatia,1996,55-59,263960,123667,140293,"5,9","5,8","6,1","88,1"
Croatia,1996,60-64,267780,120296,147484,6,"5,6","6,4","81,6"
Croatia,1996,65-69,236865,99820,137045,"5,3","4,7","5,9","72,8"
Croatia,1996,70-74,179177,61929,117248,4,"2,9","5,1","52,8"
Croatia,1996,75-79,92211,29952,62259,"2,1","1,4","2,7","48,1"
Croatia,1996,80-84,63986,19783,44203,"1,4","0,9","1,9","44,8"
Croatia,1996,85-89,33923,9793,24130,"0,8","0,5",1,"40,6"
Croatia,1996,90-94,8869,2249,6620,"0,2","0,1","0,3",34
Croatia,1996,95-99,817,204,613,0,0,0,"33,3"
Croatia,1996,100+,26,6,20,0,0,0,30
Croatia,1997,Total,4424536,2132897,2291639,100,100,100,"93,1"
Croatia,1997,0-4,247348,127124,120224,"5,6",6,"5,2","105,7"
Croatia,1997,5-9,258058,132105,125953,"5,8","6,2","5,5","104,9"
Croatia,1997,10-14,292679,149740,142939,"6,6",7,"6,2","104,8"
Croatia,1997,15-19,316678,161707,154971,"7,2","7,6","6,8","104,3"
Croatia,1997,20-24,304410,154760,149650,"6,9","7,3","6,5","103,4"
Croatia,1997,25-29,287406,145687,141719,"6,5","6,8","6,2","102,8"
Croatia,1997,30-34,311371,156448,154923,7,"7,3","6,8",101
Croatia,1997,35-39,338532,170056,168476,"7,7",8,"7,4","100,9"
Croatia,1997,40-44,362968,184364,178604,"8,2","8,6","7,8","103,2"
Croatia,1997,45-49,329554,169713,159841,"7,4",8,7,"106,2"
Croatia,1997,50-54,229257,113701,115556,"5,2","5,3",5,"98,4"
Croatia,1997,55-59,254861,119966,134895,"5,8","5,6","5,9","88,9"
Croatia,1997,60-64,263797,118545,145252,6,"5,6","6,3","81,6"
Croatia,1997,65-69,239236,101685,137551,"5,4","4,8",6,"73,9"
Croatia,1997,70-74,181080,63848,117232,"4,1",3,"5,1","54,5"
Croatia,1997,75-79,107676,34328,73348,"2,4","1,6","3,2","46,8"
Croatia,1997,80-84,54824,16678,38146,"1,2","0,8","1,7","43,7"
Croatia,1997,85-89,34447,9824,24623,"0,8","0,5","1,1","39,9"
Croatia,1997,90-94,9329,2366,6963,"0,2","0,1","0,3",34
Croatia,1997,95-99,990,244,746,0,0,0,"32,7"
Croatia,1997,100+,35,8,27,0,0,0,"29,6"
Croatia,1998,Total,4399628,2122816,2276812,100,100,100,"93,2"
Croatia,1998,0-4,250185,128367,121818,"5,7",6,"5,4","105,4"
Croatia,1998,5-9,247776,127139,120637,"5,6",6,"5,3","105,4"
Croatia,1998,10-14,283640,145027,138613,"6,4","6,8","6,1","104,6"
Croatia,1998,15-19,312042,159560,152482,"7,1","7,5","6,7","104,6"
Croatia,1998,20-24,304952,155198,149754,"6,9","7,3","6,6","103,6"
Croatia,1998,25-29,286988,145891,141097,"6,5","6,9","6,2","103,4"
Croatia,1998,30-34,304223,153233,150990,"6,9","7,2","6,6","101,5"
Croatia,1998,35-39,331029,166446,164583,"7,5","7,8","7,2","101,1"
Croatia,1998,40-44,356845,180947,175898,"8,1","8,5","7,7","102,9"
Croatia,1998,45-49,340082,174553,165529,"7,7","8,2","7,3","105,5"
Croatia,1998,50-54,240054,120610,119444,"5,5","5,7","5,2",101
Croatia,1998,55-59,244790,115735,129055,"5,6","5,5","5,7","89,7"
Croatia,1998,60-64,258846,116616,142230,"5,9","5,5","6,2",82
Croatia,1998,65-69,241262,102454,138808,"5,5","4,8","6,1","73,8"
Croatia,1998,70-74,182596,66309,116287,"4,2","3,1","5,1",57
Croatia,1998,75-79,121719,38251,83468,"2,8","1,8","3,7","45,8"
Croatia,1998,80-84,46363,13850,32513,"1,1","0,7","1,4","42,6"
Croatia,1998,85-89,35266,9861,25405,"0,8","0,5","1,1","38,8"
Croatia,1998,90-94,9743,2474,7269,"0,2","0,1","0,3",34
Croatia,1998,95-99,1179,283,896,0,0,0,"31,6"
Croatia,1998,100+,48,12,36,0,0,0,"33,3"
Croatia,1999,Total,4387816,2116995,2270821,100,100,100,"93,2"
Croatia,1999,0-4,248577,127535,121042,"5,7",6,"5,3","105,4"
Croatia,1999,5-9,242280,124382,117898,"5,5","5,9","5,2","105,5"
Croatia,1999,10-14,274951,140581,134370,"6,3","6,6","5,9","104,6"
Croatia,1999,15-19,307954,157562,150392,7,"7,4","6,6","104,8"
Croatia,1999,20-24,307083,156228,150855,7,"7,4","6,6","103,6"
Croatia,1999,25-29,289952,147350,142602,"6,6",7,"6,3","103,3"
Croatia,1999,30-34,298077,150142,147935,"6,8","7,1","6,5","101,5"
Croatia,1999,35-39,322830,162256,160574,"7,4","7,7","7,1",101
Croatia,1999,40-44,353059,178335,174724,8,"8,4","7,7","102,1"
Croatia,1999,45-49,344468,176301,168167,"7,9","8,3","7,4","104,8"
Croatia,1999,50-54,260590,131993,128597,"5,9","6,2","5,7","102,6"
Croatia,1999,55-59,232792,110577,122215,"5,3","5,2","5,4","90,5"
Croatia,1999,60-64,253042,113929,139113,"5,8","5,4","6,1","81,9"
Croatia,1999,65-69,242550,103174,139376,"5,5","4,9","6,1",74
Croatia,1999,70-74,186172,69724,116448,"4,2","3,3","5,1","59,9"
Croatia,1999,75-79,131644,41049,90595,3,"1,9",4,"45,3"
Croatia,1999,80-84,43788,12915,30873,1,"0,6","1,4","41,8"
Croatia,1999,85-89,36092,9970,26122,"0,8","0,5","1,2","38,2"
Croatia,1999,90-94,10423,2644,7779,"0,2","0,1","0,3",34
Croatia,1999,95-99,1429,333,1096,0,0,0,"30,4"
Croatia,1999,100+,63,15,48,0,0,0,"31,3"
Croatia,2000,Total,4390263,2116432,2273831,100,100,100,"93,1"
Croatia,2000,0-4,245544,126171,119373,"5,6",6,"5,2","105,7"
Croatia,2000,5-9,239865,123082,116783,"5,5","5,8","5,1","105,4"
Croatia,2000,10-14,267850,136907,130943,"6,1","6,5","5,8","104,6"
Croatia,2000,15-19,303863,155375,148488,"6,9","7,3","6,5","104,6"
Croatia,2000,20-24,310253,157542,152711,"7,1","7,4","6,7","103,2"
Croatia,2000,25-29,295161,149803,145358,"6,7","7,1","6,4","103,1"
Croatia,2000,30-34,292422,147161,145261,"6,7",7,"6,4","101,3"
Croatia,2000,35-39,315809,158272,157537,"7,2","7,5","6,9","100,5"
Croatia,2000,40-44,346514,174251,172263,"7,9","8,2","7,6","101,2"
Croatia,2000,45-49,347816,177100,170716,"7,9","8,4","7,5","103,7"
Croatia,2000,50-54,289350,147132,142218,"6,6",7,"6,3","103,5"
Croatia,2000,55-59,218382,104082,114300,5,"4,9",5,"91,1"
Croatia,2000,60-64,249233,112466,136767,"5,7","5,3",6,"82,2"
Croatia,2000,65-69,241593,102896,138697,"5,5","4,9","6,1","74,2"
Croatia,2000,70-74,192059,74127,117932,"4,4","3,5","5,2","62,9"
Croatia,2000,75-79,133623,41653,91970,3,2,4,"45,3"
Croatia,2000,80-84,51253,15147,36106,"1,2","0,7","1,6",42
Croatia,2000,85-89,36402,9948,26454,"0,8","0,5","1,2","37,6"
Croatia,2000,90-94,11418,2894,8524,"0,3","0,1","0,4",34
Croatia,2000,95-99,1767,403,1364,0,0,"0,1","29,5"
Croatia,2000,100+,86,20,66,0,0,0,"30,3"
Croatia,2001,Total,4418543,2126276,2292267,100,100,100,"92,8"
Croatia,2001,0-4,238547,122514,116033,"5,4","5,8","5,1","105,6"
Croatia,2001,5-9,243476,125088,118388,"5,5","5,9","5,2","105,7"
Croatia,2001,10-14,266664,136253,130411,6,"6,4","5,7","104,5"
Croatia,2001,15-19,300933,153834,147099,"6,8","7,2","6,4","104,6"
Croatia,2001,20-24,315042,159635,155407,"7,1","7,5","6,8","102,7"
Croatia,2001,25-29,301450,152253,149197,"6,8","7,2","6,5",102
Croatia,2001,30-34,287863,144497,143366,"6,5","6,8","6,3","100,8"
Croatia,2001,35-39,313905,156643,157262,"7,1","7,4","6,9","99,6"
Croatia,2001,40-44,341382,170680,170702,"7,7",8,"7,4",100
Croatia,2001,45-49,352446,178239,174207,8,"8,4","7,6","102,3"
Croatia,2001,50-54,313269,159238,154031,"7,1","7,5","6,7","103,4"
Croatia,2001,55-59,211067,100941,110126,"4,8","4,7","4,8","91,7"
Croatia,2001,60-64,245640,111161,134479,"5,6","5,2","5,9","82,7"
Croatia,2001,65-69,239448,102211,137237,"5,4","4,8",6,"74,5"
Croatia,2001,70-74,200159,78986,121173,"4,5","3,7","5,3","65,2"
Croatia,2001,75-79,137588,43460,94128,"3,1",2,"4,1","46,2"
Croatia,2001,80-84,62054,18106,43948,"1,4","0,9","1,9","41,2"
Croatia,2001,85-89,33061,8951,24110,"0,7","0,4","1,1","37,1"
Croatia,2001,90-94,12279,3080,9199,"0,3","0,1","0,4","33,5"
Croatia,2001,95-99,2153,480,1673,0,0,"0,1","28,7"
Croatia,2001,100+,117,26,91,0,0,0,"28,6"
Croatia,2002,Total,4442298,2134603,2307695,100,100,100,"92,5"
Croatia,2002,0-4,226244,116094,110150,"5,1","5,4","4,8","105,4"
Croatia,2002,5-9,252554,129680,122874,"5,7","6,1","5,3","105,5"
Croatia,2002,10-14,262968,134562,128406,"5,9","6,3","5,6","104,8"
Croatia,2002,15-19,297597,151985,145612,"6,7","7,1","6,3","104,4"
Croatia,2002,20-24,318786,161615,157171,"7,2","7,6","6,8","102,8"
Croatia,2002,25-29,305152,153495,151657,"6,9","7,2","6,6","101,2"
Croatia,2002,30-34,288201,144572,143629,"6,5","6,8","6,2","100,7"
Croatia,2002,35-39,311387,154849,156538,7,"7,3","6,8","98,9"
Croatia,2002,40-44,336754,167577,169177,"7,6","7,9","7,3","99,1"
Croatia,2002,45-49,357154,179469,177685,8,"8,4","7,7",101
Croatia,2002,50-54,320603,162535,158068,"7,2","7,6","6,8","102,8"
Croatia,2002,55-59,220711,106741,113970,5,5,"4,9","93,7"
Croatia,2002,60-64,240209,109043,131166,"5,4","5,1","5,7","83,1"
Croatia,2002,65-69,239453,102271,137182,"5,4","4,8","5,9","74,6"
Croatia,2002,70-74,205019,81652,123367,"4,6","3,8","5,3","66,2"
Croatia,2002,75-79,141100,45719,95381,"3,2","2,1","4,1","47,9"
Croatia,2002,80-84,73636,21119,52517,"1,7",1,"2,3","40,2"
Croatia,2002,85-89,29060,7786,21274,"0,7","0,4","0,9","36,6"
Croatia,2002,90-94,13151,3270,9881,"0,3","0,2","0,4","33,1"
Croatia,2002,95-99,2402,534,1868,"0,1",0,"0,1","28,6"
Croatia,2002,100+,157,35,122,0,0,0,"28,7"
Croatia,2003,Total,4440867,2133717,2307150,100,100,100,"92,5"
Croatia,2003,0-4,214796,110293,104503,"4,8","5,2","4,5","105,5"
Croatia,2003,5-9,256706,131596,125110,"5,8","6,2","5,4","105,2"
Croatia,2003,10-14,255839,131159,124680,"5,8","6,1","5,4","105,2"
Croatia,2003,15-19,291869,148946,142923,"6,6",7,"6,2","104,2"
Croatia,2003,20-24,318678,161945,156733,"7,2","7,6","6,8","103,3"
Croatia,2003,25-29,308911,155418,153493,7,"7,3","6,7","101,3"
Croatia,2003,30-34,290173,145719,144454,"6,5","6,8","6,3","100,9"
Croatia,2003,35-39,306742,152588,154154,"6,9","7,2","6,7",99
Croatia,2003,40-44,331822,164858,166964,"7,5","7,7","7,2","98,7"
Croatia,2003,45-49,353686,177125,176561,8,"8,3","7,7","100,3"
Croatia,2003,50-54,332650,167895,164755,"7,5","7,9","7,1","101,9"
Croatia,2003,55-59,232543,113920,118623,"5,2","5,3","5,1",96
Croatia,2003,60-64,232541,105917,126624,"5,2",5,"5,5","83,6"
Croatia,2003,65-69,237135,101460,135675,"5,3","4,8","5,9","74,8"
Croatia,2003,70-74,208477,82822,125655,"4,7","3,9","5,4","65,9"
Croatia,2003,75-79,143541,48005,95536,"3,2","2,2","4,1","50,2"
Croatia,2003,80-84,82862,23373,59489,"1,9","1,1","2,6","39,3"
Croatia,2003,85-89,25108,6633,18475,"0,6","0,3","0,8","35,9"
Croatia,2003,90-94,13976,3418,10558,"0,3","0,2","0,5","32,4"
Croatia,2003,95-99,2613,584,2029,"0,1",0,"0,1","28,8"
Croatia,2003,100+,199,43,156,0,0,0,"27,6"
Croatia,2004,Total,4441435,2134350,2307085,100,100,100,"92,5"
Croatia,2004,0-4,208319,107090,101229,"4,7",5,"4,4","105,8"
Croatia,2004,5-9,255288,130885,124403,"5,7","6,1","5,4","105,2"
Croatia,2004,10-14,251558,129005,122553,"5,7",6,"5,3","105,3"
Croatia,2004,15-19,284524,145216,139308,"6,4","6,8",6,"104,2"
Croatia,2004,20-24,317428,161582,155846,"7,1","7,6","6,8","103,7"
Croatia,2004,25-29,313495,157792,155703,"7,1","7,4","6,7","101,3"
Croatia,2004,30-34,294896,148137,146759,"6,6","6,9","6,4","100,9"
Croatia,2004,35-39,302373,150549,151824,"6,8","7,1","6,6","99,2"
Croatia,2004,40-44,325506,161653,163853,"7,3","7,6","7,1","98,7"
Croatia,2004,45-49,351954,175576,176378,"7,9","8,2","7,6","99,5"
Croatia,2004,50-54,338626,170524,168102,"7,6",8,"7,3","101,4"
Croatia,2004,55-59,253354,125318,128036,"5,7","5,9","5,5","97,9"
Croatia,2004,60-64,222261,101723,120538,5,"4,8","5,2","84,4"
Croatia,2004,65-69,233124,99637,133487,"5,2","4,7","5,8","74,6"
Croatia,2004,70-74,210364,83529,126835,"4,7","3,9","5,5","65,9"
Croatia,2004,75-79,147009,50588,96421,"3,3","2,4","4,2","52,5"
Croatia,2004,80-84,89019,24870,64149,2,"1,2","2,8","38,8"
Croatia,2004,85-89,24532,6427,18105,"0,6","0,3","0,8","35,5"
Croatia,2004,90-94,14663,3551,11112,"0,3","0,2","0,5",32
Croatia,2004,95-99,2889,645,2244,"0,1",0,"0,1","28,7"
Croatia,2004,100+,253,53,200,0,0,0,"26,5"
Croatia,2005,Total,4441957,2135205,2306752,100,100,100,"92,6"
Croatia,2005,0-4,204782,105275,99507,"4,6","4,9","4,3","105,8"
Croatia,2005,5-9,251834,129318,122516,"5,7","6,1","5,3","105,6"
Croatia,2005,10-14,248792,127530,121262,"5,6",6,"5,3","105,2"
Croatia,2005,15-19,277066,141397,135669,"6,2","6,6","5,9","104,2"
Croatia,2005,20-24,314095,160011,154084,"7,1","7,5","6,7","103,8"
Croatia,2005,25-29,317907,160048,157859,"7,2","7,5","6,8","101,4"
Croatia,2005,30-34,300968,151337,149631,"6,8","7,1","6,5","101,1"
Croatia,2005,35-39,297424,148365,149059,"6,7","6,9","6,5","99,5"
Croatia,2005,40-44,319202,158412,160790,"7,2","7,4",7,"98,5"
Croatia,2005,45-49,346491,172346,174145,"7,8","8,1","7,5",99
Croatia,2005,50-54,343082,172224,170858,"7,7","8,1","7,4","100,8"
Croatia,2005,55-59,281972,140516,141456,"6,3","6,6","6,1","99,3"
Croatia,2005,60-64,209056,96271,112785,"4,7","4,5","4,9","85,4"
Croatia,2005,65-69,230271,98845,131426,"5,2","4,6","5,7","75,2"
Croatia,2005,70-74,210116,83448,126668,"4,7","3,9","5,5","65,9"
Croatia,2005,75-79,151528,53389,98139,"3,4","2,5","4,3","54,4"
Croatia,2005,80-84,90984,25092,65892,2,"1,2","2,9","38,1"
Croatia,2005,85-89,28656,7318,21338,"0,6","0,3","0,9","34,3"
Croatia,2005,90-94,14350,3338,11012,"0,3","0,2","0,5","30,3"
Croatia,2005,95-99,3076,665,2411,"0,1",0,"0,1","27,6"
Croatia,2005,100+,305,60,245,0,0,0,"24,5"
Croatia,2006,Total,4440594,2135536,2305058,100,100,100,"92,6"
Croatia,2006,0-4,203753,104762,98991,"4,6","4,9","4,3","105,8"
Croatia,2006,5-9,243009,124744,118265,"5,5","5,8","5,1","105,5"
Croatia,2006,10-14,249180,127901,121279,"5,6",6,"5,3","105,5"
Croatia,2006,15-19,272517,139073,133444,"6,1","6,5","5,8","104,2"
Croatia,2006,20-24,308219,157195,151024,"6,9","7,4","6,6","104,1"
Croatia,2006,25-29,321215,161950,159265,"7,2","7,6","6,9","101,7"
Croatia,2006,30-34,305902,153784,152118,"6,9","7,2","6,6","101,1"
Croatia,2006,35-39,291290,145702,145588,"6,6","6,8","6,3","100,1"
Croatia,2006,40-44,315827,156800,159027,"7,1","7,3","6,9","98,6"
Croatia,2006,45-49,340489,168976,171513,"7,7","7,9","7,4","98,5"
Croatia,2006,50-54,347457,173800,173657,"7,8","8,1","7,5","100,1"
Croatia,2006,55-59,305391,152821,152570,"6,9","7,2","6,6","100,2"
Croatia,2006,60-64,201421,93620,107801,"4,5","4,4","4,7","86,8"
Croatia,2006,65-69,226322,97879,128443,"5,1","4,6","5,6","76,2"
Croatia,2006,70-74,208209,83027,125182,"4,7","3,9","5,4","66,3"
Croatia,2006,75-79,157432,56435,100997,"3,5","2,6","4,4","55,9"
Croatia,2006,80-84,94602,25981,68621,"2,1","1,2",3,"37,9"
Croatia,2006,85-89,33225,7924,25301,"0,7","0,4","1,1","31,3"
Croatia,2006,90-94,11812,2518,9294,"0,3","0,1","0,4","27,1"
Croatia,2006,95-99,2991,585,2406,"0,1",0,"0,1","24,3"
Croatia,2006,100+,331,59,272,0,0,0,"21,7"
Croatia,2007,Total,4437353,2135044,2302309,100,100,100,"92,7"
Croatia,2007,0-4,204709,105337,99372,"4,6","4,9","4,3",106
Croatia,2007,5-9,229337,117631,111706,"5,2","5,5","4,9","105,3"
Croatia,2007,10-14,255424,131070,124354,"5,8","6,1","5,4","105,4"
Croatia,2007,15-19,265840,135901,129939,6,"6,4","5,6","104,6"
Croatia,2007,20-24,301773,153925,147848,"6,8","7,2","6,4","104,1"
Croatia,2007,25-29,323094,163360,159734,"7,3","7,7","6,9","102,3"
Croatia,2007,30-34,308072,154766,153306,"6,9","7,2","6,7",101
Croatia,2007,35-39,289820,145431,144389,"6,5","6,8","6,3","100,7"
Croatia,2007,40-44,311608,154792,156816,7,"7,3","6,8","98,7"
Croatia,2007,45-49,334552,165802,168750,"7,5","7,8","7,3","98,3"
Croatia,2007,50-54,351315,175113,176202,"7,9","8,2","7,7","99,4"
Croatia,2007,55-59,312670,156613,156057,7,"7,3","6,8","100,4"
Croatia,2007,60-64,210073,99331,110742,"4,7","4,7","4,8","89,7"
Croatia,2007,65-69,220421,96074,124347,5,"4,5","5,4","77,3"
Croatia,2007,70-74,208113,83316,124797,"4,7","3,9","5,4","66,8"
Croatia,2007,75-79,161203,58286,102917,"3,6","2,7","4,5","56,6"
Croatia,2007,80-84,98077,27382,70695,"2,2","1,3","3,1","38,7"
Croatia,2007,85-89,38394,8520,29874,"0,9","0,4","1,3","28,5"
Croatia,2007,90-94,9575,1831,7744,"0,2","0,1","0,3","23,6"
Croatia,2007,95-99,2950,510,2440,"0,1",0,"0,1","20,9"
Croatia,2007,100+,333,53,280,0,0,0,"18,9"
Croatia,2008,Total,4434262,2134448,2299814,100,100,100,"92,8"
Croatia,2008,0-4,207452,106749,100703,"4,7",5,"4,4",106
Croatia,2008,5-9,217756,111751,106005,"4,9","5,2","4,6","105,4"
Croatia,2008,10-14,259562,132980,126582,"5,9","6,2","5,5","105,1"
Croatia,2008,15-19,258641,132551,126090,"5,8","6,2","5,5","105,1"
Croatia,2008,20-24,295855,150895,144960,"6,7","7,1","6,3","104,1"
Croatia,2008,25-29,322806,163689,159117,"7,3","7,7","6,9","102,9"
Croatia,2008,30-34,311502,156484,155018,7,"7,3","6,7","100,9"
Croatia,2008,35-39,291381,146337,145044,"6,6","6,9","6,3","100,9"
Croatia,2008,40-44,306452,152340,154112,"6,9","7,1","6,7","98,9"
Croatia,2008,45-49,329121,162987,166134,"7,4","7,6","7,2","98,1"
Croatia,2008,50-54,347398,172762,174636,"7,8","8,1","7,6","98,9"
Croatia,2008,55-59,324357,162061,162296,"7,3","7,6","7,1","99,9"
Croatia,2008,60-64,221677,106537,115140,5,5,5,"92,5"
Croatia,2008,65-69,213212,93560,119652,"4,8","4,4","5,2","78,2"
Croatia,2008,70-74,206861,83331,123530,"4,7","3,9","5,4","67,5"
Croatia,2008,75-79,165033,59682,105351,"3,7","2,8","4,6","56,7"
Croatia,2008,80-84,101086,29092,71994,"2,3","1,4","3,1","40,4"
Croatia,2008,85-89,42899,8857,34042,1,"0,4","1,5",26
Croatia,2008,90-94,7907,1321,6586,"0,2","0,1","0,3","20,1"
Croatia,2008,95-99,2965,436,2529,"0,1",0,"0,1","17,2"
Croatia,2008,100+,339,46,293,0,0,0,"15,7"
Croatia,2009,Total,4428935,2132788,2296147,100,100,100,"92,9"
Croatia,2009,0-4,211283,108647,102636,"4,8","5,1","4,5","105,9"
Croatia,2009,5-9,210941,108382,102559,"4,8","5,1","4,5","105,7"
Croatia,2009,10-14,257978,132177,125801,"5,8","6,2","5,5","105,1"
Croatia,2009,15-19,254126,130339,123787,"5,7","6,1","5,4","105,3"
Croatia,2009,20-24,287843,146807,141036,"6,5","6,9","6,1","104,1"
Croatia,2009,25-29,320664,163007,157657,"7,2","7,6","6,9","103,4"
Croatia,2009,30-34,314983,158256,156727,"7,1","7,4","6,8",101
Croatia,2009,35-39,295074,148178,146896,"6,7","6,9","6,4","100,9"
Croatia,2009,40-44,301023,149723,151300,"6,8",7,"6,6",99
Croatia,2009,45-49,321729,159255,162474,"7,3","7,5","7,1",98
Croatia,2009,50-54,344733,170860,173873,"7,8",8,"7,6","98,3"
Croatia,2009,55-59,329538,164474,165064,"7,4","7,7","7,2","99,6"
Croatia,2009,60-64,241716,117660,124056,"5,5","5,5","5,4","94,8"
Croatia,2009,65-69,203293,89870,113423,"4,6","4,2","4,9","79,2"
Croatia,2009,70-74,203709,82320,121389,"4,6","3,9","5,3","67,8"
Croatia,2009,75-79,167825,60996,106829,"3,8","2,9","4,7","57,1"
Croatia,2009,80-84,104652,31179,73473,"2,4","1,5","3,2","42,4"
Croatia,2009,85-89,46811,9135,37676,"1,1","0,4","1,6","24,2"
Croatia,2009,90-94,7681,1117,6564,"0,2","0,1","0,3",17
Croatia,2009,95-99,2975,366,2609,"0,1",0,"0,1",14
Croatia,2009,100+,358,40,318,0,0,0,"12,6"
Croatia,2010,Total,4417475,2128269,2289206,100,100,100,93
Croatia,2010,0-4,213352,109738,103614,"4,8","5,2","4,5","105,9"
Croatia,2010,5-9,206685,106203,100482,"4,7",5,"4,4","105,7"
Croatia,2010,10-14,253887,130294,123593,"5,7","6,1","5,4","105,4"
Croatia,2010,15-19,250654,128505,122149,"5,7",6,"5,3","105,2"
Croatia,2010,20-24,279233,142345,136888,"6,3","6,7",6,104
Croatia,2010,25-29,315989,160854,155135,"7,2","7,6","6,8","103,7"
Croatia,2010,30-34,317949,159825,158124,"7,2","7,5","6,9","101,1"
Croatia,2010,35-39,299749,150665,149084,"6,8","7,1","6,5","101,1"
Croatia,2010,40-44,294703,146790,147913,"6,7","6,9","6,5","99,2"
Croatia,2010,45-49,314245,155358,158887,"7,1","7,3","6,9","97,8"
Croatia,2010,50-54,338328,167206,171122,"7,7","7,9","7,5","97,7"
Croatia,2010,55-59,333032,165801,167231,"7,5","7,8","7,3","99,1"
Croatia,2010,60-64,268988,132168,136820,"6,1","6,2",6,"96,6"
Croatia,2010,65-69,190477,84825,105652,"4,3",4,"4,6","80,3"
Croatia,2010,70-74,200911,81719,119192,"4,5","3,8","5,2","68,6"
Croatia,2010,75-79,168351,61507,106844,"3,8","2,9","4,7","57,6"
Croatia,2010,80-84,108747,33598,75149,"2,5","1,6","3,3","44,7"
Croatia,2010,85-89,49444,9345,40099,"1,1","0,4","1,8","23,3"
Croatia,2010,90-94,9429,1195,8234,"0,2","0,1","0,4","14,5"
Croatia,2010,95-99,2934,294,2640,"0,1",0,"0,1","11,1"
Croatia,2010,100+,388,34,354,0,0,0,"9,6"
Croatia,2011,Total,4403676,2122274,2281402,100,100,100,93
Croatia,2011,0-4,213227,109702,103525,"4,8","5,2","4,5",106
Croatia,2011,5-9,205026,105387,99639,"4,7",5,"4,4","105,8"
Croatia,2011,10-14,244251,125325,118926,"5,5","5,9","5,2","105,4"
Croatia,2011,15-19,250305,128475,121830,"5,7","6,1","5,3","105,5"
Croatia,2011,20-24,273632,139432,134200,"6,2","6,6","5,9","103,9"
Croatia,2011,25-29,309030,157433,151597,7,"7,4","6,6","103,8"
Croatia,2011,30-34,320135,161144,158991,"7,3","7,6",7,"101,4"
Croatia,2011,35-39,303470,152442,151028,"6,9","7,2","6,6","100,9"
Croatia,2011,40-44,287361,143425,143936,"6,5","6,8","6,3","99,6"
Croatia,2011,45-49,309795,153090,156705,7,"7,2","6,9","97,7"
Croatia,2011,50-54,331442,163357,168085,"7,5","7,7","7,4","97,2"
Croatia,2011,55-59,336573,166946,169627,"7,6","7,9","7,4","98,4"
Croatia,2011,60-64,291276,143845,147431,"6,6","6,8","6,5","97,6"
Croatia,2011,65-69,182994,82308,100686,"4,2","3,9","4,4","81,7"
Croatia,2011,70-74,196824,80718,116106,"4,5","3,8","5,1","69,5"
Croatia,2011,75-79,166919,61408,105511,"3,8","2,9","4,6","58,2"
Croatia,2011,80-84,114054,36352,77702,"2,6","1,7","3,4","46,8"
Croatia,2011,85-89,52735,9982,42753,"1,2","0,5","1,9","23,3"
Croatia,2011,90-94,11634,1268,10366,"0,3","0,1","0,5","12,2"
Croatia,2011,95-99,2570,207,2363,"0,1",0,"0,1","8,8"
Croatia,2011,100+,423,28,395,0,0,0,"7,1"
Croatia,2012,Total,4389754,2116098,2273656,100,100,100,"93,1"
Croatia,2012,0-4,212780,109535,103245,"4,8","5,2","4,5","106,1"
Croatia,2012,5-9,205432,105704,99728,"4,7",5,"4,4",106
Croatia,2012,10-14,229911,117898,112013,"5,2","5,6","4,9","105,3"
Croatia,2012,15-19,255906,131295,124611,"5,8","6,2","5,5","105,4"
Croatia,2012,20-24,266228,135865,130363,"6,1","6,4","5,7","104,2"
Croatia,2012,25-29,301639,153505,148134,"6,9","7,3","6,5","103,6"
Croatia,2012,30-34,321170,162072,159098,"7,3","7,7",7,"101,9"
Croatia,2012,35-39,304668,152840,151828,"6,9","7,2","6,7","100,7"
Croatia,2012,40-44,284861,142548,142313,"6,5","6,7","6,3","100,2"
Croatia,2012,45-49,304603,150526,154077,"6,9","7,1","6,8","97,7"
Croatia,2012,50-54,324653,159689,164964,"7,4","7,5","7,3","96,8"
Croatia,2012,55-59,339590,167812,171778,"7,7","7,9","7,6","97,7"
Croatia,2012,60-64,298256,147578,150678,"6,8",7,"6,6","97,9"
Croatia,2012,65-69,191023,87621,103402,"4,4","4,1","4,5","84,7"
Croatia,2012,70-74,190910,78923,111987,"4,3","3,7","4,9","70,5"
Croatia,2012,75-79,166852,61736,105116,"3,8","2,9","4,6","58,7"
Croatia,2012,80-84,117869,38301,79568,"2,7","1,8","3,5","48,1"
Croatia,2012,85-89,56319,11099,45220,"1,3","0,5",2,"24,5"
Croatia,2012,90-94,14331,1375,12956,"0,3","0,1","0,6","10,6"
Croatia,2012,95-99,2280,152,2128,"0,1",0,"0,1","7,1"
Croatia,2012,100+,473,24,449,0,0,0,"5,3"
Croatia,2013,Total,4375160,2109815,2265345,100,100,100,"93,1"
Croatia,2013,0-4,210639,108690,101949,"4,8","5,2","4,5","106,6"
Croatia,2013,5-9,207349,106694,100655,"4,7","5,1","4,4",106
Croatia,2013,10-14,217516,111637,105879,5,"5,3","4,7","105,4"
Croatia,2013,15-19,259504,132943,126561,"5,9","6,3","5,6",105
Croatia,2013,20-24,258634,132306,126328,"5,9","6,3","5,6","104,7"
Croatia,2013,25-29,294757,149807,144950,"6,7","7,1","6,4","103,4"
Croatia,2013,30-34,320047,161987,158060,"7,3","7,7",7,"102,5"
Croatia,2013,35-39,307137,154038,153099,7,"7,3","6,8","100,6"
Croatia,2013,40-44,285436,142939,142497,"6,5","6,8","6,3","100,3"
Croatia,2013,45-49,298469,147584,150885,"6,8",7,"6,7","97,8"
Croatia,2013,50-54,318307,156344,161963,"7,3","7,4","7,1","96,5"
Croatia,2013,55-59,335033,165150,169883,"7,7","7,8","7,5","97,2"
Croatia,2013,60-64,309359,152790,156569,"7,1","7,2","6,9","97,6"
Croatia,2013,65-69,201929,94431,107498,"4,6","4,5","4,7","87,8"
Croatia,2013,70-74,183832,76497,107335,"4,2","3,6","4,7","71,3"
Croatia,2013,75-79,165792,61819,103973,"3,8","2,9","4,6","59,5"
Croatia,2013,80-84,121806,39935,81871,"2,8","1,9","3,6","48,8"
Croatia,2013,85-89,59779,12565,47214,"1,4","0,6","2,1","26,6"
Croatia,2013,90-94,17158,1516,15642,"0,4","0,1","0,7","9,7"
Croatia,2013,95-99,2125,119,2006,0,0,"0,1","5,9"
Croatia,2013,100+,552,24,528,0,0,0,"4,5"
Croatia,2014,Total,4356748,2101187,2255561,100,100,100,"93,2"
Croatia,2014,0-4,206167,106545,99622,"4,7","5,1","4,4","106,9"
Croatia,2014,5-9,210349,108165,102184,"4,8","5,1","4,5","105,9"
Croatia,2014,10-14,209926,107889,102037,"4,8","5,1","4,5","105,7"
Croatia,2014,15-19,257394,131899,125495,"5,9","6,3","5,6","105,1"
Croatia,2014,20-24,253600,129793,123807,"5,8","6,2","5,5","104,8"
Croatia,2014,25-29,285711,145113,140598,"6,6","6,9","6,2","103,2"
Croatia,2014,30-34,316905,160707,156198,"7,3","7,6","6,9","102,9"
Croatia,2014,35-39,309627,155252,154375,"7,1","7,4","6,8","100,6"
Croatia,2014,40-44,288066,144185,143881,"6,6","6,9","6,4","100,2"
Croatia,2014,45-49,292047,144416,147631,"6,7","6,9","6,5","97,8"
Croatia,2014,50-54,310127,152118,158009,"7,1","7,2",7,"96,3"
Croatia,2014,55-59,331791,162887,168904,"7,6","7,8","7,5","96,4"
Croatia,2014,60-64,314306,155101,159205,"7,2","7,4","7,1","97,4"
Croatia,2014,65-69,220981,104988,115993,"5,1",5,"5,1","90,5"
Croatia,2014,70-74,174432,73104,101328,4,"3,5","4,5","72,1"
Croatia,2014,75-79,163155,61127,102028,"3,7","2,9","4,5","59,9"
Croatia,2014,80-84,124911,41467,83444,"2,9",2,"3,7","49,7"
Croatia,2014,85-89,64046,14523,49523,"1,5","0,7","2,2","29,3"
Croatia,2014,90-94,20170,1761,18409,"0,5","0,1","0,8","9,6"
Croatia,2014,95-99,2397,124,2273,"0,1",0,"0,1","5,5"
Croatia,2014,100+,640,23,617,0,0,0,"3,7"
Croatia,2015,Total,4335250,2090702,2244548,100,100,100,"93,1"
Croatia,2015,0-4,201594,104197,97397,"4,7",5,"4,3",107
Croatia,2015,5-9,212014,109055,102959,"4,9","5,2","4,6","105,9"
Croatia,2015,10-14,205283,105521,99762,"4,7",5,"4,4","105,8"
Croatia,2015,15-19,252893,129831,123062,"5,8","6,2","5,5","105,5"
Croatia,2015,20-24,249624,127704,121920,"5,8","6,1","5,4","104,7"
Croatia,2015,25-29,276314,140227,136087,"6,4","6,7","6,1",103
Croatia,2015,30-34,311399,157935,153464,"7,2","7,6","6,8","102,9"
Croatia,2015,35-39,311876,156290,155586,"7,2","7,5","6,9","100,5"
Croatia,2015,40-44,291923,146146,145777,"6,7",7,"6,5","100,3"
Croatia,2015,45-49,285075,141063,144012,"6,6","6,7","6,4",98
Croatia,2015,50-54,302199,147916,154283,7,"7,1","6,9","95,9"
Croatia,2015,55-59,325149,159021,166128,"7,5","7,6","7,4","95,7"
Croatia,2015,60-64,317843,156433,161410,"7,3","7,5","7,2","96,9"
Croatia,2015,65-69,246859,118635,128224,"5,7","5,7","5,7","92,5"
Croatia,2015,70-74,162973,68847,94126,"3,8","3,3","4,2","73,1"
Croatia,2015,75-79,160707,60706,100001,"3,7","2,9","4,5","60,7"
Croatia,2015,80-84,126041,42276,83765,"2,9",2,"3,7","50,5"
Croatia,2015,85-89,68519,16634,51885,"1,6","0,8","2,3","32,1"
Croatia,2015,90-94,22863,2077,20786,"0,5","0,1","0,9",10
Croatia,2015,95-99,3379,164,3215,"0,1",0,"0,1","5,1"
Croatia,2015,100+,723,24,699,0,0,0,"3,4"
Croatia,2016,Total,4313707,2080266,2233441,100,100,100,"93,1"
Croatia,2016,0-4,198223,102443,95780,"4,6","4,9","4,3",107
Croatia,2016,5-9,211784,108980,102804,"4,9","5,2","4,6",106
Croatia,2016,10-14,203303,104548,98755,"4,7",5,"4,4","105,9"
Croatia,2016,15-19,242952,124729,118223,"5,6",6,"5,3","105,5"
Croatia,2016,20-24,248967,127556,121411,"5,8","6,1","5,4","105,1"
Croatia,2016,25-29,270276,137117,133159,"6,3","6,6",6,103
Croatia,2016,30-34,303788,154069,149719,7,"7,4","6,7","102,9"
Croatia,2016,35-39,313530,157209,156321,"7,3","7,6",7,"100,6"
Croatia,2016,40-44,295128,147573,147555,"6,8","7,1","6,6",100
Croatia,2016,45-49,277464,137511,139953,"6,4","6,6","6,3","98,3"
Croatia,2016,50-54,297492,145492,152000,"6,9",7,"6,8","95,7"
Croatia,2016,55-59,318217,155088,163129,"7,4","7,5","7,3","95,1"
Croatia,2016,60-64,321333,157533,163800,"7,4","7,6","7,3","96,2"
Croatia,2016,65-69,267854,129515,138339,"6,2","6,2","6,2","93,6"
Croatia,2016,70-74,156732,67045,89687,"3,6","3,2",4,"74,8"
Croatia,2016,75-79,157186,59935,97251,"3,6","2,9","4,4","61,6"
Croatia,2016,80-84,125394,42487,82907,"2,9",2,"3,7","51,2"
Croatia,2016,85-89,73249,18701,54548,"1,7","0,9","2,4","34,3"
Croatia,2016,90-94,25634,2513,23121,"0,6","0,1",1,"10,9"
Croatia,2016,95-99,4504,203,4301,"0,1",0,"0,2","4,7"
Croatia,2016,100+,697,19,678,0,0,0,"2,8"
Croatia,2017,Total,4292095,2069859,2222236,100,100,100,"93,1"
Croatia,2017,0-4,195132,100785,94347,"4,5","4,9","4,2","106,8"
Croatia,2017,5-9,211336,108832,102504,"4,9","5,3","4,6","106,2"
Croatia,2017,10-14,203339,104670,98669,"4,7","5,1","4,4","106,1"
Croatia,2017,15-19,228318,117150,111168,"5,3","5,7",5,"105,4"
Croatia,2017,20-24,254242,130244,123998,"5,9","6,3","5,6",105
Croatia,2017,25-29,262489,133394,129095,"6,1","6,4","5,8","103,3"
Croatia,2017,30-34,295705,149759,145946,"6,9","7,2","6,6","102,6"
Croatia,2017,35-39,313990,157770,156220,"7,3","7,6",7,101
Croatia,2017,40-44,295935,147708,148227,"6,9","7,1","6,7","99,6"
Croatia,2017,45-49,274740,136461,138279,"6,4","6,6","6,2","98,7"
Croatia,2017,50-54,292244,142886,149358,"6,8","6,9","6,7","95,7"
Croatia,2017,55-59,311527,151424,160103,"7,3","7,3","7,2","94,6"
Croatia,2017,60-64,324369,158370,165999,"7,6","7,7","7,5","95,4"
Croatia,2017,65-69,274864,133260,141604,"6,4","6,4","6,4","94,1"
Croatia,2017,70-74,164626,72178,92448,"3,8","3,5","4,2","78,1"
Croatia,2017,75-79,152347,58598,93749,"3,5","2,8","4,2","62,5"
Croatia,2017,80-84,125664,42927,82737,"2,9","2,1","3,7","51,9"
Croatia,2017,85-89,76482,20088,56394,"1,8",1,"2,5","35,6"
Croatia,2017,90-94,28259,3091,25168,"0,7","0,1","1,1","12,3"
Croatia,2017,95-99,5814,248,5566,"0,1",0,"0,3","4,5"
Croatia,2017,100+,673,16,657,0,0,0,"2,4"
Croatia,2018,Total,4270480,2059514,2210966,100,100,100,"93,1"
Croatia,2018,0-4,192195,99102,93093,"4,5","4,8","4,2","106,5"
Croatia,2018,5-9,209318,108058,101260,"4,9","5,2","4,6","106,7"
Croatia,2018,10-14,205223,105645,99578,"4,8","5,1","4,5","106,1"
Croatia,2018,15-19,215895,110856,105039,"5,1","5,4","4,8","105,5"
Croatia,2018,20-24,257563,131749,125814,6,"6,4","5,7","104,7"
Croatia,2018,25-29,254426,129622,124804,6,"6,3","5,6","103,9"
Croatia,2018,30-34,288121,145695,142426,"6,7","7,1","6,4","102,3"
Croatia,2018,35-39,312354,157307,155047,"7,3","7,6",7,"101,5"
Croatia,2018,40-44,298149,148679,149470,7,"7,2","6,8","99,5"
Croatia,2018,45-49,275189,136735,138454,"6,4","6,6","6,3","98,8"
Croatia,2018,50-54,286241,139987,146254,"6,7","6,8","6,6","95,7"
Croatia,2018,55-59,305400,148179,157221,"7,2","7,2","7,1","94,2"
Croatia,2018,60-64,320197,155875,164322,"7,5","7,6","7,4","94,9"
Croatia,2018,65-69,285712,138299,147413,"6,7","6,7","6,7","93,8"
Croatia,2018,70-74,175024,78534,96490,"4,1","3,8","4,4","81,4"
Croatia,2018,75-79,146732,56860,89872,"3,4","2,8","4,1","63,3"
Croatia,2018,80-84,125085,43142,81943,"2,9","2,1","3,7","52,6"
Croatia,2018,85-89,79398,21129,58269,"1,9",1,"2,6","36,3"
Croatia,2018,90-94,30453,3751,26702,"0,7","0,2","1,2",14
Croatia,2018,95-99,7123,296,6827,"0,2",0,"0,3","4,3"
Croatia,2018,100+,682,14,668,0,0,0,"2,1"
Croatia,2019,Total,4248989,2049294,2199695,100,100,100,"93,2"
Croatia,2019,0-4,189948,97859,92089,"4,5","4,8","4,2","106,3"
Croatia,2019,5-9,205022,106003,99019,"4,8","5,2","4,5","107,1"
Croatia,2019,10-14,208418,107216,101202,"4,9","5,2","4,6","105,9"
Croatia,2019,15-19,208510,107194,101316,"4,9","5,2","4,6","105,8"
Croatia,2019,20-24,255437,130697,124740,6,"6,4","5,7","104,8"
Croatia,2019,25-29,249325,127117,122208,"5,9","6,2","5,6",104
Croatia,2019,30-34,279077,141057,138020,"6,6","6,9","6,3","102,2"
Croatia,2019,35-39,309379,156072,153307,"7,3","7,6",7,"101,8"
Croatia,2019,40-44,300961,150034,150927,"7,1","7,3","6,9","99,4"
Croatia,2019,45-49,278113,138139,139974,"6,5","6,7","6,4","98,7"
Croatia,2019,50-54,280340,137133,143207,"6,6","6,7","6,5","95,8"
Croatia,2019,55-59,297776,144301,153475,7,7,7,94
Croatia,2019,60-64,317354,153848,163506,"7,5","7,5","7,4","94,1"
Croatia,2019,65-69,290713,140623,150090,"6,8","6,9","6,8","93,7"
Croatia,2019,70-74,192299,87835,104464,"4,5","4,3","4,7","84,1"
Croatia,2019,75-79,139378,54444,84934,"3,3","2,7","3,9","64,1"
Croatia,2019,80-84,123353,42790,80563,"2,9","2,1","3,7","53,1"
Croatia,2019,85-89,81590,22075,59515,"1,9","1,1","2,7","37,1"
Croatia,2019,90-94,32734,4482,28252,"0,8","0,2","1,3","15,9"
Croatia,2019,95-99,8447,359,8088,"0,2",0,"0,4","4,4"
Croatia,2019,100+,815,16,799,0,0,0,2
Croatia,2020,Total,4227746,2039258,2188488,100,100,100,"93,2"
Croatia,2020,0-4,187771,96733,91038,"4,4","4,7","4,2","106,3"
Croatia,2020,5-9,200591,103722,96869,"4,7","5,1","4,4","107,1"
Croatia,2020,10-14,210302,108213,102089,5,"5,3","4,7",106
Croatia,2020,15-19,204006,104890,99116,"4,8","5,1","4,5","105,8"
Croatia,2020,20-24,251091,128712,122379,"5,9","6,3","5,6","105,2"
Croatia,2020,25-29,245805,125303,120502,"5,8","6,1","5,5",104
Croatia,2020,30-34,270428,136624,133804,"6,4","6,7","6,1","102,1"
Croatia,2020,35-39,304633,153764,150869,"7,2","7,5","6,9","101,9"
Croatia,2020,40-44,303908,151489,152419,"7,2","7,4",7,"99,4"
Croatia,2020,45-49,282576,140463,142113,"6,7","6,9","6,5","98,8"
Croatia,2020,50-54,274181,134287,139894,"6,5","6,6","6,4",96
Croatia,2020,55-59,290596,140589,150007,"6,9","6,9","6,9","93,7"
Croatia,2020,60-64,311355,150393,160962,"7,4","7,4","7,4","93,4"
Croatia,2020,65-69,294577,142149,152428,7,7,7,"93,3"
Croatia,2020,70-74,215231,99513,115718,"5,1","4,9","5,3",86
Croatia,2020,75-79,130555,51480,79075,"3,1","2,5","3,6","65,1"
Croatia,2020,80-84,121860,42664,79196,"2,9","2,1","3,6","53,9"
Croatia,2020,85-89,82485,22606,59879,2,"1,1","2,7","37,8"
Croatia,2020,90-94,34997,5207,29790,"0,8","0,3","1,4","17,5"
Croatia,2020,95-99,9633,434,9199,"0,2",0,"0,4","4,7"
Croatia,2020,100+,1165,23,1142,0,0,"0,1",2
Croatia,2021,Total,4206791,2029431,2177360,100,100,100,"93,2"
Croatia,2021,0-4,185742,95682,90060,"4,4","4,7","4,1","106,2"
Croatia,2021,5-9,197355,102034,95321,"4,7",5,"4,4",107
Croatia,2021,10-14,210296,108249,102047,5,"5,3","4,7","106,1"
Croatia,2021,15-19,202159,103975,98184,"4,8","5,1","4,5","105,9"
Croatia,2021,20-24,241324,123709,117615,"5,7","6,1","5,4","105,2"
Croatia,2021,25-29,245588,125416,120172,"5,8","6,2","5,5","104,4"
Croatia,2021,30-34,265113,133952,131161,"6,3","6,6",6,"102,1"
Croatia,2021,35-39,297790,150367,147423,"7,1","7,4","6,8",102
Croatia,2021,40-44,306253,152818,153435,"7,3","7,5",7,"99,6"
Croatia,2021,45-49,286399,142263,144136,"6,8",7,"6,6","98,7"
Croatia,2021,50-54,267403,131256,136147,"6,4","6,5","6,3","96,4"
Croatia,2021,55-59,286524,138576,147948,"6,8","6,8","6,8","93,7"
Croatia,2021,60-64,305069,146869,158200,"7,3","7,2","7,3","92,8"
Croatia,2021,65-69,298299,143393,154906,"7,1","7,1","7,1","92,6"
Croatia,2021,70-74,233747,108756,124991,"5,6","5,4","5,7",87
Croatia,2021,75-79,126038,50438,75600,3,"2,5","3,5","66,7"
Croatia,2021,80-84,119523,42284,77239,"2,8","2,1","3,5","54,7"
Croatia,2021,85-89,82349,22887,59462,2,"1,1","2,7","38,5"
Croatia,2021,90-94,37484,5942,31542,"0,9","0,3","1,4","18,8"
Croatia,2021,95-99,10830,537,10293,"0,3",0,"0,5","5,2"
Croatia,2021,100+,1506,28,1478,0,0,"0,1","1,9"
Croatia,2022,Total,4186104,2019806,2166298,100,100,100,"93,2"
Croatia,2022,0-4,183879,94719,89160,"4,4","4,7","4,1","106,2"
Croatia,2022,5-9,194394,100437,93957,"4,6",5,"4,3","106,9"
Croatia,2022,10-14,210073,108211,101862,5,"5,4","4,7","106,2"
Croatia,2022,15-19,202319,104150,98169,"4,8","5,2","4,5","106,1"
Croatia,2022,20-24,226886,116247,110639,"5,4","5,8","5,1","105,1"
Croatia,2022,25-29,251271,128341,122930,6,"6,4","5,7","104,4"
Croatia,2022,30-34,258055,130672,127383,"6,2","6,5","5,9","102,6"
Croatia,2022,35-39,290469,146526,143943,"6,9","7,3","6,6","101,8"
Croatia,2022,40-44,307414,153792,153622,"7,3","7,6","7,1","100,1"
Croatia,2022,45-49,287875,142805,145070,"6,9","7,1","6,7","98,4"
Croatia,2022,50-54,265379,130639,134740,"6,3","6,5","6,2",97
Croatia,2022,55-59,281925,136390,145535,"6,7","6,8","6,7","93,7"
Croatia,2022,60-64,299003,143592,155411,"7,1","7,1","7,2","92,4"
Croatia,2022,65-69,301498,144337,157161,"7,2","7,1","7,3","91,8"
Croatia,2022,70-74,240334,112162,128172,"5,7","5,6","5,9","87,5"
Croatia,2022,75-79,133256,54842,78414,"3,2","2,7","3,6","69,9"
Croatia,2022,80-84,116169,41497,74672,"2,8","2,1","3,4","55,6"
Croatia,2022,85-89,82821,23278,59543,2,"1,2","2,7","39,1"
Croatia,2022,90-94,39242,6460,32782,"0,9","0,3","1,5","19,7"
Croatia,2022,95-99,11948,676,11272,"0,3",0,"0,5",6
Croatia,2022,100+,1894,33,1861,0,0,"0,1","1,8"
Croatia,2023,Total,4165651,2010361,2155290,100,100,100,"93,3"
Croatia,2023,0-4,182092,93794,88298,"4,4","4,7","4,1","106,2"
Croatia,2023,5-9,191591,98818,92773,"4,6","4,9","4,3","106,5"
Croatia,2023,10-14,208278,107548,100730,5,"5,3","4,7","106,8"
Croatia,2023,15-19,204321,105174,99147,"4,9","5,2","4,6","106,1"
Croatia,2023,20-24,214649,110062,104587,"5,2","5,5","4,9","105,2"
Croatia,2023,25-29,255009,130093,124916,"6,1","6,5","5,8","104,1"
Croatia,2023,30-34,250714,127336,123378,6,"6,3","5,7","103,2"
Croatia,2023,35-39,283644,142929,140715,"6,8","7,1","6,5","101,6"
Croatia,2023,40-44,306501,153757,152744,"7,4","7,6","7,1","100,7"
Croatia,2023,45-49,290724,144160,146564,7,"7,2","6,8","98,4"
Croatia,2023,50-54,266435,131294,135141,"6,4","6,5","6,3","97,2"
Croatia,2023,55-59,276583,133914,142669,"6,6","6,7","6,6","93,9"
Croatia,2023,60-64,293456,140704,152752,7,7,"7,1","92,1"
Croatia,2023,65-69,298029,142265,155764,"7,2","7,1","7,2","91,3"
Croatia,2023,70-74,250392,116711,133681,6,"5,8","6,2","87,3"
Croatia,2023,75-79,142341,60103,82238,"3,4",3,"3,8","73,1"
Croatia,2023,80-84,112196,40414,71782,"2,7",2,"3,3","56,3"
Croatia,2023,85-89,82679,23527,59152,2,"1,2","2,7","39,8"
Croatia,2023,90-94,40892,6883,34009,1,"0,3","1,6","20,2"
Croatia,2023,95-99,12841,834,12007,"0,3",0,"0,6","6,9"
Croatia,2023,100+,2284,41,2243,"0,1",0,"0,1","1,8"
Croatia,2024,Total,4145423,2001085,2144338,100,100,100,"93,3"
Croatia,2024,0-4,180251,92841,87410,"4,3","4,6","4,1","106,2"
Croatia,2024,5-9,189475,97637,91838,"4,6","4,9","4,3","106,3"
Croatia,2024,10-14,204209,105605,98604,"4,9","5,3","4,6","107,1"
Croatia,2024,15-19,207630,106794,100836,5,"5,3","4,7","105,9"
Croatia,2024,20-24,207424,106491,100933,5,"5,3","4,7","105,5"
Croatia,2024,25-29,253324,129305,124019,"6,1","6,5","5,8","104,3"
Croatia,2024,30-34,246321,125259,121062,"5,9","6,3","5,6","103,5"
Croatia,2024,35-39,275364,138759,136605,"6,6","6,9","6,4","101,6"
Croatia,2024,40-44,304255,152955,151300,"7,3","7,6","7,1","101,1"
Croatia,2024,45-49,294164,145893,148271,"7,1","7,3","6,9","98,4"
Croatia,2024,50-54,269889,133034,136855,"6,5","6,6","6,4","97,2"
Croatia,2024,55-59,271332,131478,139854,"6,5","6,6","6,5",94
Croatia,2024,60-64,286461,137211,149250,"6,9","6,9",7,"91,9"
Croatia,2024,65-69,295779,140616,155163,"7,1",7,"7,2","90,6"
Croatia,2024,70-74,255326,118983,136343,"6,2","5,9","6,4","87,3"
Croatia,2024,75-79,156879,67546,89333,"3,8","3,4","4,2","75,6"
Croatia,2024,80-84,106839,38829,68010,"2,6","1,9","3,2","57,1"
Croatia,2024,85-89,81807,23486,58321,2,"1,2","2,7","40,3"
Croatia,2024,90-94,42182,7300,34882,1,"0,4","1,6","20,9"
Croatia,2024,95-99,13797,1013,12784,"0,3","0,1","0,6","7,9"
Croatia,2024,100+,2715,50,2665,"0,1",0,"0,1","1,9"
Croatia,2025,Total,4125465,1991996,2133469,100,100,100,"93,4"
Croatia,2025,0-4,178299,91832,86467,"4,3","4,6","4,1","106,2"
Croatia,2025,5-9,187430,96573,90857,"4,5","4,8","4,3","106,3"
Croatia,2025,10-14,200002,103436,96566,"4,8","5,2","4,5","107,1"
Croatia,2025,15-19,209633,107841,101792,"5,1","5,4","4,8","105,9"
Croatia,2025,20-24,203069,104271,98798,"4,9","5,2","4,6","105,5"
Croatia,2025,25-29,249429,127590,121839,6,"6,4","5,7","104,7"
Croatia,2025,30-34,243492,123862,119630,"5,9","6,2","5,6","103,5"
Croatia,2025,35-39,267476,134794,132682,"6,5","6,8","6,2","101,6"
Croatia,2025,40-44,300264,151101,149163,"7,3","7,6",7,"101,3"
Croatia,2025,45-49,297732,147721,150011,"7,2","7,4",7,"98,5"
Croatia,2025,50-54,274831,135660,139171,"6,7","6,8","6,5","97,5"
Croatia,2025,55-59,265821,129045,136776,"6,4","6,5","6,4","94,3"
Croatia,2025,60-64,279906,133884,146022,"6,8","6,7","6,8","91,7"
Croatia,2025,65-69,290667,137714,152953,7,"6,9","7,2",90
Croatia,2025,70-74,259433,120683,138750,"6,3","6,1","6,5",87
Croatia,2025,75-79,175860,76738,99122,"4,3","3,9","4,6","77,4"
Croatia,2025,80-84,100309,36840,63469,"2,4","1,8",3,58
Croatia,2025,85-89,81051,23574,57477,2,"1,2","2,7",41
Croatia,2025,90-94,42814,7580,35234,1,"0,4","1,7","21,5"
Croatia,2025,95-99,14780,1196,13584,"0,4","0,1","0,6","8,8"
Croatia,2025,100+,3167,61,3106,"0,1",0,"0,1",2
Croatia,2026,Total,4105344,1982830,2122514,100,100,100,"93,4"
Croatia,2026,0-4,176270,90784,85486,"4,3","4,6",4,"106,2"
Croatia,2026,5-9,185506,95571,89935,"4,5","4,8","4,2","106,3"
Croatia,2026,10-14,196974,101851,95123,"4,8","5,1","4,5","107,1"
Croatia,2026,15-19,209740,107928,101812,"5,1","5,4","4,8",106
Croatia,2026,20-24,201344,103420,97924,"4,9","5,2","4,6","105,6"
Croatia,2026,25-29,240072,122838,117234,"5,8","6,2","5,5","104,8"
Croatia,2026,30-34,243886,124341,119545,"5,9","6,3","5,6",104
Croatia,2026,35-39,262821,132528,130293,"6,4","6,7","6,1","101,7"
Croatia,2026,40-44,294128,148126,146002,"7,2","7,5","6,9","101,5"
Croatia,2026,45-49,300650,149394,151256,"7,3","7,5","7,1","98,8"
Croatia,2026,50-54,279106,137748,141358,"6,8","6,9","6,7","97,4"
Croatia,2026,55-59,259663,126403,133260,"6,3","6,4","6,3","94,9"
Croatia,2026,60-64,276328,132172,144156,"6,7","6,7","6,8","91,7"
Croatia,2026,65-69,285231,134712,150519,"6,9","6,8","7,1","89,5"
Croatia,2026,70-74,263294,122058,141236,"6,4","6,2","6,7","86,4"
Croatia,2026,75-79,191128,83980,107148,"4,7","4,2",5,"78,4"
Croatia,2026,80-84,97085,36232,60853,"2,4","1,8","2,9","59,5"
Croatia,2026,85-89,79655,23491,56164,"1,9","1,2","2,6","41,8"
Croatia,2026,90-94,42958,7792,35166,1,"0,4","1,7","22,2"
Croatia,2026,95-99,15885,1382,14503,"0,4","0,1","0,7","9,5"
Croatia,2026,100+,3620,79,3541,"0,1",0,"0,2","2,2"
Croatia,2027,Total,4084711,1973377,2111334,100,100,100,"93,5"
Croatia,2027,0-4,174232,89732,84500,"4,3","4,5",4,"106,2"
Croatia,2027,5-9,183707,94638,89069,"4,5","4,8","4,2","106,3"
Croatia,2027,10-14,194179,100334,93845,"4,8","5,1","4,4","106,9"
Croatia,2027,15-19,209620,107937,101683,"5,1","5,5","4,8","106,2"
Croatia,2027,20-24,201579,103633,97946,"4,9","5,3","4,6","105,8"
Croatia,2027,25-29,225956,115579,110377,"5,5","5,9","5,2","104,7"
Croatia,2027,30-34,250021,127532,122489,"6,1","6,5","5,8","104,1"
Croatia,2027,35-39,256309,129583,126726,"6,3","6,6",6,"102,3"
Croatia,2027,40-44,287388,144636,142752,7,"7,3","6,8","101,3"
Croatia,2027,45-49,302286,150647,151639,"7,4","7,6","7,2","99,3"
Croatia,2027,50-54,281011,138563,142448,"6,9",7,"6,7","97,3"
Croatia,2027,55-59,258052,126048,132004,"6,3","6,4","6,3","95,5"
Croatia,2027,60-64,272173,130254,141919,"6,7","6,6","6,7","91,8"
Croatia,2027,65-69,279941,131906,148035,"6,9","6,7",7,"89,1"
Croatia,2027,70-74,266559,123087,143472,"6,5","6,2","6,8","85,8"
Croatia,2027,75-79,196935,86852,110083,"4,8","4,4","5,2","78,9"
Croatia,2027,80-84,102948,39574,63374,"2,5",2,3,"62,4"
Croatia,2027,85-89,77634,23180,54454,"1,9","1,2","2,6","42,6"
Croatia,2027,90-94,43439,8039,35400,"1,1","0,4","1,7","22,7"
Croatia,2027,95-99,16686,1522,15164,"0,4","0,1","0,7",10
Croatia,2027,100+,4056,101,3955,"0,1",0,"0,2","2,6"
Croatia,2028,Total,4063708,1963718,2099990,100,100,100,"93,5"
Croatia,2028,0-4,172266,88717,83549,"4,2","4,5",4,"106,2"
Croatia,2028,5-9,181951,93726,88225,"4,5","4,8","4,2","106,2"
Croatia,2028,10-14,191503,98780,92723,"4,7",5,"4,4","106,5"
Croatia,2028,15-19,207906,107311,100595,"5,1","5,5","4,8","106,7"
Croatia,2028,20-24,203629,104678,98951,5,"5,3","4,7","105,8"
Croatia,2028,25-29,213942,109535,104407,"5,3","5,6",5,"104,9"
Croatia,2028,30-34,254087,129478,124609,"6,3","6,6","5,9","103,9"
Croatia,2028,35-39,249379,126500,122879,"6,1","6,4","5,9","102,9"
Croatia,2028,40-44,281016,141315,139701,"6,9","7,2","6,7","101,2"
Croatia,2028,45-49,301776,150847,150929,"7,4","7,7","7,2","99,9"
Croatia,2028,50-54,284162,140107,144055,7,"7,1","6,9","97,3"
Croatia,2028,55-59,259368,126870,132498,"6,4","6,5","6,3","95,8"
Croatia,2028,60-64,267222,128016,139206,"6,6","6,5","6,6",92
Croatia,2028,65-69,275026,129400,145626,"6,8","6,6","6,9","88,9"
Croatia,2028,70-74,263960,121567,142393,"6,5","6,2","6,8","85,4"
Croatia,2028,75-79,205691,90647,115044,"5,1","4,6","5,5","78,8"
Croatia,2028,80-84,110232,43539,66693,"2,7","2,2","3,2","65,3"
Croatia,2028,85-89,75157,22679,52478,"1,8","1,2","2,5","43,2"
Croatia,2028,90-94,43574,8237,35337,"1,1","0,4","1,7","23,3"
Croatia,2028,95-99,17446,1642,15804,"0,4","0,1","0,8","10,4"
Croatia,2028,100+,4415,127,4288,"0,1",0,"0,2",3
Croatia,2029,Total,4042398,1953888,2088510,100,100,100,"93,6"
Croatia,2029,0-4,170401,87755,82646,"4,2","4,5",4,"106,2"
Croatia,2029,5-9,180129,92782,87347,"4,5","4,7","4,2","106,2"
Croatia,2029,10-14,189467,97638,91829,"4,7",5,"4,4","106,3"
Croatia,2029,15-19,203903,105401,98502,5,"5,4","4,7",107
Croatia,2029,20-24,206960,106305,100655,"5,1","5,4","4,8","105,6"
Croatia,2029,25-29,206841,106043,100798,"5,1","5,4","4,8","105,2"
Croatia,2029,30-34,252626,128824,123802,"6,2","6,6","5,9","104,1"
Croatia,2029,35-39,245251,124587,120664,"6,1","6,4","5,8","103,3"
Croatia,2029,40-44,273075,137350,135725,"6,8",7,"6,5","101,2"
Croatia,2029,45-49,299838,150226,149612,"7,4","7,7","7,2","100,4"
Croatia,2029,50-54,287794,141958,145836,"7,1","7,3",7,"97,3"
Croatia,2029,55-59,262943,128689,134254,"6,5","6,6","6,4","95,9"
Croatia,2029,60-64,262278,125771,136507,"6,5","6,4","6,5","92,1"
Croatia,2029,65-69,268709,126321,142388,"6,6","6,5","6,8","88,7"
Croatia,2029,70-74,262379,120379,142000,"6,5","6,2","6,8","84,8"
Croatia,2029,75-79,210236,92685,117551,"5,2","4,7","5,6","78,8"
Croatia,2029,80-84,121728,49086,72642,3,"2,5","3,5","67,6"
Croatia,2029,85-89,71624,21827,49797,"1,8","1,1","2,4","43,8"
Croatia,2029,90-94,43335,8335,35000,"1,1","0,4","1,7","23,8"
Croatia,2029,95-99,18059,1769,16290,"0,4","0,1","0,8","10,9"
Croatia,2029,100+,4822,157,4665,"0,1",0,"0,2","3,4"
Croatia,2030,Total,4020867,1943931,2076936,100,100,100,"93,6"
Croatia,2030,0-4,168653,86853,81800,"4,2","4,5","3,9","106,2"
Croatia,2030,5-9,178184,91776,86408,"4,4","4,7","4,2","106,2"
Croatia,2030,10-14,187454,96589,90865,"4,7",5,"4,4","106,3"
Croatia,2030,15-19,199733,103252,96481,5,"5,3","4,6",107
Croatia,2030,20-24,208977,107358,101619,"5,2","5,5","4,9","105,6"
Croatia,2030,25-29,202543,103862,98681,5,"5,3","4,8","105,3"
Croatia,2030,30-34,248838,127175,121663,"6,2","6,5","5,9","104,5"
Croatia,2030,35-39,242545,123263,119282,6,"6,3","5,7","103,3"
Croatia,2030,40-44,265395,133515,131880,"6,6","6,9","6,3","101,2"
Croatia,2030,45-49,296070,148505,147565,"7,4","7,6","7,1","100,6"
Croatia,2030,50-54,291454,143843,147611,"7,2","7,4","7,1","97,4"
Croatia,2030,55-59,267884,131312,136572,"6,7","6,8","6,6","96,1"
Croatia,2030,60-64,257033,123497,133536,"6,4","6,4","6,4","92,5"
Croatia,2030,65-69,262784,123389,139395,"6,5","6,3","6,7","88,5"
Croatia,2030,70-74,258320,118168,140152,"6,4","6,1","6,7","84,3"
Croatia,2030,75-79,214253,94353,119900,"5,3","4,9","5,8","78,7"
Croatia,2030,80-84,136648,55899,80749,"3,4","2,9","3,9","69,2"
Croatia,2030,85-89,67329,20789,46540,"1,7","1,1","2,2","44,7"
Croatia,2030,90-94,43120,8481,34639,"1,1","0,4","1,7","24,5"
Croatia,2030,95-99,18397,1864,16533,"0,5","0,1","0,8","11,3"
Croatia,2030,100+,5253,188,5065,"0,1",0,"0,2","3,7"
Croatia,2031,Total,3999121,1933833,2065288,100,100,100,"93,6"
Croatia,2031,0-4,167007,86005,81002,"4,2","4,4","3,9","106,2"
Croatia,2031,5-9,176164,90731,85433,"4,4","4,7","4,1","106,2"
Croatia,2031,10-14,185538,95592,89946,"4,6","4,9","4,4","106,3"
Croatia,2031,15-19,196719,101676,95043,"4,9","5,3","4,6",107
Croatia,2031,20-24,209098,107453,101645,"5,2","5,6","4,9","105,7"
Croatia,2031,25-29,200846,103028,97818,5,"5,3","4,7","105,3"
Croatia,2031,30-34,239552,122470,117082,6,"6,3","5,7","104,6"
Croatia,2031,35-39,242977,123765,119212,"6,1","6,4","5,8","103,8"
Croatia,2031,40-44,260849,131314,129535,"6,5","6,8","6,3","101,4"
Croatia,2031,45-49,290115,145641,144474,"7,3","7,5",7,"100,8"
Croatia,2031,50-54,294421,145542,148879,"7,4","7,5","7,2","97,8"
Croatia,2031,55-59,272134,133386,138748,"6,8","6,9","6,7","96,1"
Croatia,2031,60-64,251157,121022,130135,"6,3","6,3","6,3",93
Croatia,2031,65-69,259646,121940,137706,"6,5","6,3","6,7","88,6"
Croatia,2031,70-74,253907,115826,138081,"6,3",6,"6,7","83,9"
Croatia,2031,75-79,217967,95700,122267,"5,5","4,9","5,9","78,3"
Croatia,2031,80-84,148697,61293,87404,"3,7","3,2","4,2","70,1"
Croatia,2031,85-89,65517,20725,44792,"1,6","1,1","2,2","46,3"
Croatia,2031,90-94,42528,8559,33969,"1,1","0,4","1,6","25,2"
Croatia,2031,95-99,18547,1944,16603,"0,5","0,1","0,8","11,7"
Croatia,2031,100+,5735,221,5514,"0,1",0,"0,3",4
Croatia,2032,Total,3977036,1923489,2053547,100,100,100,"93,7"
Croatia,2032,0-4,165451,85201,80250,"4,2","4,4","3,9","106,2"
Croatia,2032,5-9,174132,89684,84448,"4,4","4,7","4,1","106,2"
Croatia,2032,10-14,183746,94662,89084,"4,6","4,9","4,3","106,3"
Croatia,2032,15-19,193935,100166,93769,"4,9","5,2","4,6","106,8"
Croatia,2032,20-24,208993,107469,101524,"5,3","5,6","4,9","105,9"
Croatia,2032,25-29,201098,103253,97845,"5,1","5,4","4,8","105,5"
Croatia,2032,30-34,225526,115272,110254,"5,7",6,"5,4","104,6"
Croatia,2032,35-39,249117,126956,122161,"6,3","6,6","5,9","103,9"
Croatia,2032,40-44,254449,128437,126012,"6,4","6,7","6,1","101,9"
Croatia,2032,45-49,283563,142269,141294,"7,1","7,4","6,9","100,7"
Croatia,2032,50-54,296123,146829,149294,"7,4","7,6","7,3","98,3"
Croatia,2032,55-59,274082,134229,139853,"6,9",7,"6,8",96
Croatia,2032,60-64,249687,120742,128945,"6,3","6,3","6,3","93,6"
Croatia,2032,65-69,255931,120283,135648,"6,4","6,3","6,6","88,7"
Croatia,2032,70-74,249594,113633,135961,"6,3","5,9","6,6","83,6"
Croatia,2032,75-79,221084,96715,124369,"5,6",5,"6,1","77,8"
Croatia,2032,80-84,153508,63540,89968,"3,9","3,3","4,4","70,6"
Croatia,2032,85-89,70417,23315,47102,"1,8","1,2","2,3","49,5"
Croatia,2032,90-94,41634,8550,33084,1,"0,4","1,6","25,8"
Croatia,2032,95-99,18860,2037,16823,"0,5","0,1","0,8","12,1"
Croatia,2032,100+,6106,247,5859,"0,2",0,"0,3","4,2"
Croatia,2033,Total,3954580,1912856,2041724,100,100,100,"93,7"
Croatia,2033,0-4,163987,84447,79540,"4,1","4,4","3,9","106,2"
Croatia,2033,5-9,172174,88672,83502,"4,4","4,6","4,1","106,2"
Croatia,2033,10-14,181996,93753,88243,"4,6","4,9","4,3","106,2"
Croatia,2033,15-19,191277,98622,92655,"4,8","5,2","4,5","106,4"
Croatia,2033,20-24,207294,106854,100440,"5,2","5,6","4,9","106,4"
Croatia,2033,25-29,203159,104305,98854,"5,1","5,5","4,8","105,5"
Croatia,2033,30-34,213590,109278,104312,"5,4","5,7","5,1","104,8"
Croatia,2033,35-39,253190,128906,124284,"6,4","6,7","6,1","103,7"
Croatia,2033,40-44,247635,125423,122212,"6,3","6,6",6,"102,6"
Croatia,2033,45-49,277374,139063,138311,7,"7,3","6,8","100,5"
Croatia,2033,50-54,295726,147090,148636,"7,5","7,7","7,3",99
Croatia,2033,55-59,277237,135777,141460,7,"7,1","6,9",96
Croatia,2033,60-64,251037,121579,129458,"6,3","6,4","6,3","93,9"
Croatia,2033,65-69,251405,118294,133111,"6,4","6,2","6,5","88,9"
Croatia,2033,70-74,245529,111654,133875,"6,2","5,8","6,6","83,4"
Croatia,2033,75-79,219392,95757,123635,"5,5",5,"6,1","77,5"
Croatia,2033,80-84,160686,66474,94212,"4,1","3,5","4,6","70,6"
Croatia,2033,85-89,75959,26057,49902,"1,9","1,4","2,4","52,2"
Croatia,2033,90-94,40476,8463,32013,1,"0,4","1,6","26,4"
Croatia,2033,95-99,19009,2116,16893,"0,5","0,1","0,8","12,5"
Croatia,2033,100+,6448,272,6176,"0,2",0,"0,3","4,4"
Croatia,2034,Total,3931788,1901955,2029833,100,100,100,"93,7"
Croatia,2034,0-4,162649,83756,78893,"4,1","4,4","3,9","106,2"
Croatia,2034,5-9,170319,87715,82604,"4,3","4,6","4,1","106,2"
Croatia,2034,10-14,180179,92813,87366,"4,6","4,9","4,3","106,2"
Croatia,2034,15-19,189251,97485,91766,"4,8","5,1","4,5","106,2"
Croatia,2034,20-24,203318,104962,98356,"5,2","5,5","4,8","106,7"
Croatia,2034,25-29,206495,105933,100562,"5,3","5,6",5,"105,3"
Croatia,2034,30-34,206540,105822,100718,"5,3","5,6",5,"105,1"
Croatia,2034,35-39,251766,128274,123492,"6,4","6,7","6,1","103,9"
Croatia,2034,40-44,243596,123562,120034,"6,2","6,5","5,9","102,9"
Croatia,2034,45-49,269626,135220,134406,"6,9","7,1","6,6","100,6"
Croatia,2034,50-54,293933,146552,147381,"7,5","7,7","7,3","99,4"
Croatia,2034,55-59,280861,137622,143239,"7,1","7,2","7,1","96,1"
Croatia,2034,60-64,254552,123356,131196,"6,5","6,5","6,5",94
Croatia,2034,65-69,246845,116279,130566,"6,3","6,1","6,4","89,1"
Croatia,2034,70-74,240198,109179,131019,"6,1","5,7","6,5","83,3"
Croatia,2034,75-79,218520,95050,123470,"5,6",5,"6,1",77
Croatia,2034,80-84,164579,68132,96447,"4,2","3,6","4,8","70,6"
Croatia,2034,85-89,84112,29547,54565,"2,1","1,6","2,7","54,2"
Croatia,2034,90-94,38693,8224,30469,1,"0,4","1,5",27
Croatia,2034,95-99,18995,2171,16824,"0,5","0,1","0,8","12,9"
Croatia,2034,100+,6761,301,6460,"0,2",0,"0,3","4,7"
Croatia,2035,Total,3908660,1890788,2017872,100,100,100,"93,7"
Croatia,2035,0-4,161452,83139,78313,"4,1","4,4","3,9","106,2"
Croatia,2035,5-9,168577,86815,81762,"4,3","4,6","4,1","106,2"
Croatia,2035,10-14,178240,91810,86430,"4,6","4,9","4,3","106,2"
Croatia,2035,15-19,187248,96443,90805,"4,8","5,1","4,5","106,2"
Croatia,2035,20-24,199176,102831,96345,"5,1","5,4","4,8","106,7"
Croatia,2035,25-29,208523,106993,101530,"5,3","5,7",5,"105,4"
Croatia,2035,30-34,202279,103664,98615,"5,2","5,5","4,9","105,1"
Croatia,2035,35-39,248023,126655,121368,"6,3","6,7",6,"104,4"
Croatia,2035,40-44,240967,122284,118683,"6,2","6,5","5,9",103
Croatia,2035,45-49,262135,131503,130632,"6,7",7,"6,5","100,7"
Croatia,2035,50-54,290350,144943,145407,"7,4","7,7","7,2","99,7"
Croatia,2035,55-59,284512,139502,145010,"7,3","7,4","7,2","96,2"
Croatia,2035,60-64,259377,125897,133480,"6,6","6,7","6,6","94,3"
Croatia,2035,65-69,242019,114249,127770,"6,2",6,"6,3","89,4"
Croatia,2035,70-74,235252,106851,128401,6,"5,7","6,4","83,2"
Croatia,2035,75-79,215667,93587,122080,"5,5","4,9",6,"76,7"
Croatia,2035,80-84,168133,69545,98588,"4,3","3,7","4,9","70,5"
Croatia,2035,85-89,94283,33595,60688,"2,4","1,8",3,"55,4"
Croatia,2035,90-94,36475,7917,28558,"0,9","0,4","1,4","27,7"
Croatia,2035,95-99,18976,2242,16734,"0,5","0,1","0,8","13,4"
Croatia,2035,100+,6996,323,6673,"0,2",0,"0,3","4,8"
Croatia,2036,Total,3885212,1879379,2005833,100,100,100,"93,7"
Croatia,2036,0-4,160387,82590,77797,"4,1","4,4","3,9","106,2"
Croatia,2036,5-9,166937,85971,80966,"4,3","4,6",4,"106,2"
Croatia,2036,10-14,176225,90767,85458,"4,5","4,8","4,3","106,2"
Croatia,2036,15-19,185345,95452,89893,"4,8","5,1","4,5","106,2"
Croatia,2036,20-24,196183,101270,94913,5,"5,4","4,7","106,7"
Croatia,2036,25-29,208657,107097,101560,"5,4","5,7","5,1","105,5"
Croatia,2036,30-34,200614,102851,97763,"5,2","5,5","4,9","105,2"
Croatia,2036,35-39,238817,122000,116817,"6,1","6,5","5,8","104,4"
Croatia,2036,40-44,241448,122815,118633,"6,2","6,5","5,9","103,5"
Croatia,2036,45-49,257730,129387,128343,"6,6","6,9","6,4","100,8"
Croatia,2036,50-54,284610,142213,142397,"7,3","7,6","7,1","99,9"
Croatia,2036,55-59,287485,141198,146287,"7,4","7,5","7,3","96,5"
Croatia,2036,60-64,263530,127909,135621,"6,8","6,8","6,8","94,3"
Croatia,2036,65-69,236663,112071,124592,"6,1",6,"6,2",90
Croatia,2036,70-74,232816,105820,126996,6,"5,6","6,3","83,3"
Croatia,2036,75-79,212471,91986,120485,"5,5","4,9",6,"76,3"
Croatia,2036,80-84,171425,70703,100722,"4,4","3,8",5,"70,2"
Croatia,2036,85-89,102223,36613,65610,"2,6","1,9","3,3","55,8"
Croatia,2036,90-94,35676,8030,27646,"0,9","0,4","1,4",29
Croatia,2036,95-99,18773,2291,16482,"0,5","0,1","0,8","13,9"
Croatia,2036,100+,7197,345,6852,"0,2",0,"0,3",5
Croatia,2037,Total,3861481,1867774,1993707,100,100,100,"93,7"
Croatia,2037,0-4,159454,82108,77346,"4,1","4,4","3,9","106,2"
Croatia,2037,5-9,165387,85170,80217,"4,3","4,6",4,"106,2"
Croatia,2037,10-14,174202,89725,84477,"4,5","4,8","4,2","106,2"
Croatia,2037,15-19,183559,94527,89032,"4,8","5,1","4,5","106,2"
Croatia,2037,20-24,193420,99774,93646,5,"5,3","4,7","106,5"
Croatia,2037,25-29,208571,107125,101446,"5,4","5,7","5,1","105,6"
Croatia,2037,30-34,200879,103084,97795,"5,2","5,5","4,9","105,4"
Croatia,2037,35-39,224897,114871,110026,"5,8","6,2","5,5","104,4"
Croatia,2037,40-44,247590,126006,121584,"6,4","6,7","6,1","103,6"
Croatia,2037,45-49,251482,126601,124881,"6,5","6,8","6,3","101,4"
Croatia,2037,50-54,278280,138983,139297,"7,2","7,4",7,"99,8"
Croatia,2037,55-59,289218,142495,146723,"7,5","7,6","7,4","97,1"
Croatia,2037,60-64,265471,128751,136720,"6,9","6,9","6,9","94,2"
Croatia,2037,65-69,235494,111945,123549,"6,1",6,"6,2","90,6"
Croatia,2037,70-74,229813,104577,125236,6,"5,6","6,3","83,5"
Croatia,2037,75-79,209326,90487,118839,"5,4","4,8",6,"76,1"
Croatia,2037,80-84,174214,71598,102616,"4,5","3,8","5,1","69,8"
Croatia,2037,85-89,105603,37976,67627,"2,7",2,"3,4","56,2"
Croatia,2037,90-94,38727,9284,29443,1,"0,5","1,5","31,5"
Croatia,2037,95-99,18461,2319,16142,"0,5","0,1","0,8","14,4"
Croatia,2037,100+,7433,368,7065,"0,2",0,"0,4","5,2"
Croatia,2038,Total,3837507,1856012,1981495,100,100,100,"93,7"
Croatia,2038,0-4,158661,81699,76962,"4,1","4,4","3,9","106,2"
Croatia,2038,5-9,163931,84420,79511,"4,3","4,5",4,"106,2"
Croatia,2038,10-14,172246,88714,83532,"4,5","4,8","4,2","106,2"
Croatia,2038,15-19,181818,93623,88195,"4,7",5,"4,5","106,2"
Croatia,2038,20-24,190784,98245,92539,5,"5,3","4,7","106,2"
Croatia,2038,25-29,206891,106524,100367,"5,4","5,7","5,1","106,1"
Croatia,2038,30-34,202955,104145,98810,"5,3","5,6",5,"105,4"
Croatia,2038,35-39,213050,108933,104117,"5,6","5,9","5,3","104,6"
Croatia,2038,40-44,251669,127961,123708,"6,6","6,9","6,2","103,4"
Croatia,2038,45-49,244822,123678,121144,"6,4","6,7","6,1","102,1"
Croatia,2038,50-54,272307,135915,136392,"7,1","7,3","6,9","99,7"
Croatia,2038,55-59,288900,142795,146105,"7,5","7,7","7,4","97,7"
Croatia,2038,60-64,268587,130272,138315,7,7,7,"94,2"
Croatia,2038,65-69,236940,112827,124113,"6,2","6,1","6,3","90,9"
Croatia,2038,70-74,225993,102996,122997,"5,9","5,5","6,2","83,7"
Croatia,2038,75-79,206300,89118,117182,"5,4","4,8","5,9","76,1"
Croatia,2038,80-84,173221,71038,102183,"4,5","3,8","5,2","69,5"
Croatia,2038,85-89,110797,39847,70950,"2,9","2,1","3,6","56,2"
Croatia,2038,90-94,42014,10551,31463,"1,1","0,6","1,6","33,5"
Croatia,2038,95-99,18017,2321,15696,"0,5","0,1","0,8","14,8"
Croatia,2038,100+,7604,390,7214,"0,2",0,"0,4","5,4"
Croatia,2039,Total,3813337,1844134,1969203,100,100,100,"93,6"
Croatia,2039,0-4,158007,81362,76645,"4,1","4,4","3,9","106,2"
Croatia,2039,5-9,162598,83731,78867,"4,3","4,5",4,"106,2"
Croatia,2039,10-14,170396,87760,82636,"4,5","4,8","4,2","106,2"
Croatia,2039,15-19,180010,92688,87322,"4,7",5,"4,4","106,1"
Croatia,2039,20-24,188774,97121,91653,5,"5,3","4,7",106
Croatia,2039,25-29,202945,104651,98294,"5,3","5,7",5,"106,5"
Croatia,2039,30-34,206294,105774,100520,"5,4","5,7","5,1","105,2"
Croatia,2039,35-39,206062,105518,100544,"5,4","5,7","5,1","104,9"
Croatia,2039,40-44,250289,127355,122934,"6,6","6,9","6,2","103,6"
Croatia,2039,45-49,240894,121884,119010,"6,3","6,6",6,"102,4"
Croatia,2039,50-54,264796,132221,132575,"6,9","7,2","6,7","99,7"
Croatia,2039,55-59,287224,142324,144900,"7,5","7,7","7,4","98,2"
Croatia,2039,60-64,272152,132077,140075,"7,1","7,2","7,1","94,3"
Croatia,2039,65-69,240388,114551,125837,"6,3","6,2","6,4",91
Croatia,2039,70-74,222088,101365,120723,"5,8","5,5","6,1",84
Croatia,2039,75-79,202188,87348,114840,"5,3","4,7","5,8","76,1"
Croatia,2039,80-84,172862,70658,102204,"4,5","3,8","5,2","69,1"
Croatia,2039,85-89,113717,40969,72748,3,"2,2","3,7","56,3"
Croatia,2039,90-94,46675,12091,34584,"1,2","0,7","1,8",35
Croatia,2039,95-99,17267,2278,14989,"0,5","0,1","0,8","15,2"
Croatia,2039,100+,7711,408,7303,"0,2",0,"0,4","5,6"
Croatia,2040,Total,3789009,1832178,1956831,100,100,100,"93,6"
Croatia,2040,0-4,157471,81086,76385,"4,2","4,4","3,9","106,2"
Croatia,2040,5-9,161405,83115,78290,"4,3","4,5",4,"106,2"
Croatia,2040,10-14,168657,86862,81795,"4,5","4,7","4,2","106,2"
Croatia,2040,15-19,178081,91690,86391,"4,7",5,"4,4","106,1"
Croatia,2040,20-24,186788,96091,90697,"4,9","5,2","4,6","105,9"
Croatia,2040,25-29,198831,102540,96291,"5,2","5,6","4,9","106,5"
Croatia,2040,30-34,208331,106839,101492,"5,5","5,8","5,2","105,3"
Croatia,2040,35-39,201851,103392,98459,"5,3","5,6",5,105
Croatia,2040,40-44,246600,125768,120832,"6,5","6,9","6,2","104,1"
Croatia,2040,45-49,238364,120668,117696,"6,3","6,6",6,"102,5"
Croatia,2040,50-54,257534,128648,128886,"6,8",7,"6,6","99,8"
Croatia,2040,55-59,283798,140812,142986,"7,5","7,7","7,3","98,5"
Croatia,2040,60-64,275747,133920,141827,"7,3","7,3","7,2","94,4"
Croatia,2040,65-69,245050,116980,128070,"6,5","6,4","6,5","91,3"
Croatia,2040,70-74,217953,99729,118224,"5,8","5,4",6,"84,4"
Croatia,2040,75-79,198433,85714,112719,"5,2","4,7","5,8",76
Croatia,2040,80-84,170967,69734,101233,"4,5","3,8","5,2","68,9"
Croatia,2040,85-89,116671,42103,74568,"3,1","2,3","3,8","56,5"
Croatia,2040,90-94,52370,13840,38530,"1,4","0,8",2,"35,9"
Croatia,2040,95-99,16311,2218,14093,"0,4","0,1","0,7","15,7"
Croatia,2040,100+,7796,429,7367,"0,2",0,"0,4","5,8"
