PassengerId,Parch,Pclass,SibSp,Survived,new_age,known_people,mother,family_survived,fare_per_person,Embarked_C,Embarked_Q,Embarked_S,title_Master,title_Miss,title_Mr,title_Mrs,title_Officer,deck_A,deck_B,deck_C,deck_D,deck_E,deck_F,deck_G,deck_u
1,0,3,1,0.0,22.0,2,0,0,7.25,0,0,1,0,0,1,0,0,0,0,0,0,0,0,0,1
2,0,1,1,1.0,38.0,2,0,0,35.64165,1,0,0,0,0,0,1,0,0,0,1,0,0,0,0,0
3,0,3,0,1.0,26.0,0,0,-1,7.925,0,0,1,0,1,0,0,0,0,0,0,0,0,0,0,1
4,0,1,1,1.0,35.0,2,0,0,26.55,0,0,1,0,0,0,1,0,0,0,1,0,0,0,0,0
5,0,3,0,0.0,35.0,0,0,-1,8.05,0,0,1,0,0,1,0,0,0,0,0,0,0,0,0,1
6,0,3,0,0.0,29.0,0,0,-1,8.4583,0,1,0,0,0,1,0,0,0,0,0,0,0,0,0,1
7,0,1,0,0.0,54.0,1,0,0,25.93125,0,0,1,0,0,1,0,0,0,0,0,0,1,0,0,0
8,1,3,3,0.0,2.0,3,0,0,4.215,0,0,1,1,0,0,0,0,0,0,0,0,0,0,0,1
9,2,3,0,1.0,27.0,2,1,1,3.7111,0,0,1,0,0,0,1,0,0,0,0,0,0,0,0,1
10,0,2,1,1.0,14.0,2,0,0,15.0354,1,0,0,0,0,0,1,0,0,0,0,0,0,0,0,1
11,1,3,1,1.0,4.0,2,0,1,5.566666666666666,0,0,1,0,1,0,0,0,0,0,0,0,0,0,1,0
12,0,1,0,1.0,58.0,0,0,-1,26.55,0,0,1,0,1,0,0,0,0,0,1,0,0,0,0,0
13,0,3,0,0.0,20.0,0,0,-1,8.05,0,0,1,0,0,1,0,0,0,0,0,0,0,0,0,1
14,5,3,1,0.0,39.0,3,0,1,4.4678571428571425,0,0,1,0,0,1,0,0,0,0,0,0,0,0,0,1
15,0,3,0,0.0,14.0,0,0,-1,7.8542,0,0,1,0,1,0,0,0,0,0,0,0,0,0,0,1
16,0,2,0,1.0,55.0,0,0,-1,16.0,0,0,1,0,0,0,1,0,0,0,0,0,0,0,0,1
17,1,3,4,0.0,2.0,3,0,0,4.854166666666667,0,1,0,1,0,0,0,0,0,0,0,0,0,0,0,1
18,0,2,0,1.0,31.0,0,0,-1,13.0,0,0,1,0,0,1,0,0,0,0,0,0,0,0,0,1
19,0,3,1,0.0,31.0,2,0,0,9.0,0,0,1,0,0,0,1,0,0,0,0,0,0,0,0,1
20,0,3,0,1.0,33.0,0,0,-1,7.225,1,0,0,0,0,0,1,0,0,0,0,0,0,0,0,1
21,0,2,0,0.0,35.0,1,0,0,13.0,0,0,1,0,0,1,0,0,0,0,0,0,0,0,0,1
22,0,2,0,1.0,34.0,0,0,-1,13.0,0,0,1,0,0,1,0,0,0,0,0,1,0,0,0,0
23,0,3,0,1.0,15.0,0,0,-1,8.0292,0,1,0,0,1,0,0,0,0,0,0,0,0,0,0,1
24,0,1,0,1.0,28.0,0,0,-1,35.5,0,0,1,0,0,1,0,0,1,0,0,0,0,0,0,0
25,1,3,3,0.0,8.0,3,0,0,4.215,0,0,1,0,1,0,0,0,0,0,0,0,0,0,0,1
26,5,3,1,1.0,38.0,3,1,1,4.483928571428572,0,0,1,0,0,0,1,0,0,0,0,0,0,0,0,1
27,0,3,0,0.0,18.0,0,0,-1,7.225,1,0,0,0,0,1,0,0,0,0,0,0,0,0,0,1
28,2,1,3,0.0,19.0,3,0,1,43.833333333333336,0,0,1,0,0,1,0,0,0,0,1,0,0,0,0,0
29,0,3,0,1.0,13.0,0,0,-1,7.8792,0,1,0,0,1,0,0,0,0,0,0,0,0,0,0,1
30,0,3,0,0.0,19.0,0,0,-1,7.8958,0,0,1,0,0,1,0,0,0,0,0,0,0,0,0,1
31,0,1,0,0.0,40.0,0,0,-1,27.7208,1,0,0,0,0,1,0,0,0,0,0,0,0,0,0,1
32,0,1,1,1.0,46.0,2,0,0,48.84026666666667,1,0,0,0,0,0,1,0,0,1,0,0,0,0,0,0
33,0,3,0,1.0,10.0,0,0,-1,7.75,0,1,0,0,1,0,0,0,0,0,0,0,0,0,0,1
34,0,2,0,0.0,66.0,0,0,-1,10.5,0,0,1,0,0,1,0,0,0,0,0,0,0,0,0,1
35,0,1,1,0.0,28.0,2,0,1,41.0854,1,0,0,0,0,1,0,0,0,0,0,0,0,0,0,1
36,0,1,1,0.0,42.0,2,0,1,26.0,0,0,1,0,0,1,0,0,0,0,0,0,0,0,0,1
37,0,3,0,1.0,18.0,0,0,-1,7.2292,1,0,0,0,0,1,0,0,0,0,0,0,0,0,0,1
38,0,3,0,0.0,21.0,0,0,-1,8.05,0,0,1,0,0,1,0,0,0,0,0,0,0,0,0,1
39,0,3,2,0.0,18.0,2,0,0,9.0,0,0,1,0,1,0,0,0,0,0,0,0,0,0,0,1
40,0,3,1,1.0,14.0,2,0,1,5.62085,1,0,0,0,1,0,0,0,0,0,0,0,0,0,0,1
41,0,3,1,0.0,40.0,2,0,0,9.475,0,0,1,0,0,0,1,0,0,0,0,0,0,0,0,1
42,0,2,1,0.0,27.0,2,0,0,10.5,0,0,1,0,0,0,1,0,0,0,0,0,0,0,0,1
43,0,3,0,0.0,24.0,0,0,-1,7.8958,1,0,0,0,0,1,0,0,0,0,0,0,0,0,0,1
44,2,2,1,1.0,3.0,2,0,1,10.3948,1,0,0,0,1,0,0,0,0,0,0,0,0,0,0,1
45,0,3,0,1.0,19.0,0,0,-1,7.8792,0,1,0,0,1,0,0,0,0,0,0,0,0,0,0,1
46,0,3,0,0.0,36.0,0,0,-1,8.05,0,0,1,0,0,1,0,0,0,0,0,0,0,0,0,1
47,0,3,1,0.0,26.0,2,0,0,7.75,0,1,0,0,0,1,0,0,0,0,0,0,0,0,0,1
48,0,3,0,1.0,20.0,0,0,-1,7.75,0,1,0,0,1,0,0,0,0,0,0,0,0,0,0,1
49,0,3,2,0.0,31.0,2,0,0,7.226400000000001,1,0,0,0,0,1,0,0,0,0,0,0,0,0,0,1
50,0,3,1,0.0,18.0,2,0,0,8.9,0,0,1,0,0,0,1,0,0,0,0,0,0,0,0,1
51,1,3,4,0.0,7.0,3,0,0,5.669642857142857,0,0,1,1,0,0,0,0,0,0,0,0,0,0,0,1
52,0,3,0,0.0,21.0,0,0,-1,7.8,0,0,1,0,0,1,0,0,0,0,0,0,0,0,0,1
53,0,1,1,1.0,49.0,2,0,1,25.576400000000003,1,0,0,0,0,0,1,0,0,0,0,1,0,0,0,0
54,0,2,1,1.0,29.0,2,0,0,13.0,0,0,1,0,0,0,1,0,0,0,0,0,0,0,0,1
55,1,1,0,0.0,65.0,2,0,0,30.9896,1,0,0,0,0,1,0,0,0,1,0,0,0,0,0,0
56,0,1,0,1.0,33.0,0,0,-1,35.5,0,0,1,0,0,1,0,0,0,0,1,0,0,0,0,0
57,0,2,0,1.0,21.0,0,0,-1,10.5,0,0,1,0,1,0,0,0,0,0,0,0,0,0,0,1
58,0,3,0,0.0,28.5,0,0,-1,7.2292,1,0,0,0,0,1,0,0,0,0,0,0,0,0,0,1
59,2,2,1,1.0,5.0,2,0,1,6.9375,0,0,1,0,1,0,0,0,0,0,0,0,0,0,0,1
60,2,3,5,0.0,11.0,3,0,0,5.8625,0,0,1,1,0,0,0,0,0,0,0,0,0,0,0,1
61,0,3,0,0.0,22.0,0,0,-1,7.2292,1,0,0,0,0,1,0,0,0,0,0,0,0,0,0,1
62,0,1,0,1.0,38.0,1,0,1,40.0,1,0,0,0,1,0,0,0,0,1,0,0,0,0,0,0
63,0,1,1,0.0,45.0,2,0,1,41.7375,0,0,1,0,0,1,0,0,0,0,1,0,0,0,0,0
64,2,3,3,0.0,4.0,3,0,0,4.6499999999999995,0,0,1,1,0,0,0,0,0,0,0,0,0,0,0,1
65,0,1,0,0.0,50.0,0,0,-1,27.7208,1,0,0,0,0,1,0,0,0,0,0,0,0,0,0,1
66,1,3,1,1.0,9.0,2,0,1,5.081933333333333,1,0,0,1,0,0,0,0,0,0,0,0,0,0,0,1
67,0,2,0,1.0,29.0,0,0,-1,10.5,0,0,1,0,0,0,1,0,0,0,0,0,0,1,0,0
68,0,3,0,0.0,19.0,0,0,-1,8.1583,0,0,1,0,0,1,0,0,0,0,0,0,0,0,0,1
69,2,3,4,1.0,17.0,3,0,0,7.925,0,0,1,0,1,0,0,0,0,0,0,0,0,0,0,1
70,0,3,2,0.0,26.0,2,0,0,8.6625,0,0,1,0,0,1,0,0,0,0,0,0,0,0,0,1
71,0,2,0,0.0,32.0,0,0,-1,10.5,0,0,1,0,0,1,0,0,0,0,0,0,0,0,0,1
72,2,3,5,0.0,16.0,3,0,0,5.8625,0,0,1,0,1,0,0,0,0,0,0,0,0,0,0,1
73,0,2,0,0.0,21.0,1,0,0,10.5,0,0,1,0,0,1,0,0,0,0,0,0,0,0,0,1
74,0,3,1,0.0,26.0,2,0,0,7.2271,1,0,0,0,0,1,0,0,0,0,0,0,0,0,0,1
75,0,3,0,1.0,32.0,1,0,1,7.061975,0,0,1,0,0,1,0,0,0,0,0,0,0,0,0,1
76,0,3,0,0.0,25.0,0,0,-1,7.65,0,0,1,0,0,1,0,0,0,0,0,0,0,1,0,0
77,0,3,0,0.0,18.0,0,0,-1,7.8958,0,0,1,0,0,1,0,0,0,0,0,0,0,0,0,1
78,0,3,0,0.0,19.0,0,0,-1,8.05,0,0,1,0,0,1,0,0,0,0,0,0,0,0,0,1
79,2,2,0,1.0,0.83,2,0,1,9.666666666666666,0,0,1,1,0,0,0,0,0,0,0,0,0,0,0,1
80,0,3,0,1.0,30.0,1,0,1,6.2375,0,0,1,0,1,0,0,0,0,0,0,0,0,0,0,1
81,0,3,0,0.0,22.0,0,0,-1,9.0,0,0,1,0,0,1,0,0,0,0,0,0,0,0,0,1
82,0,3,0,1.0,29.0,0,0,-1,9.5,0,0,1,0,0,1,0,0,0,0,0,0,0,0,0,1
83,0,3,0,1.0,20.0,0,0,-1,7.7875,0,1,0,0,1,0,0,0,0,0,0,0,0,0,0,1
84,0,1,0,0.0,28.0,1,0,0,23.55,0,0,1,0,0,1,0,0,0,0,0,0,0,0,0,1
85,0,2,0,1.0,17.0,0,0,-1,10.5,0,0,1,0,1,0,0,0,0,0,0,0,0,0,0,1
86,0,3,3,1.0,33.0,2,0,0,7.925,0,0,1,0,0,0,1,0,0,0,0,0,0,0,0,1
87,3,3,1,0.0,16.0,3,0,0,6.875,0,0,1,0,0,1,0,0,0,0,0,0,0,0,0,1
88,0,3,0,0.0,24.0,0,0,-1,8.05,0,0,1,0,0,1,0,0,0,0,0,0,0,0,0,1
89,2,1,3,1.0,23.0,3,0,1,43.833333333333336,0,0,1,0,1,0,0,0,0,0,1,0,0,0,0,0
90,0,3,0,0.0,24.0,0,0,-1,8.05,0,0,1,0,0,1,0,0,0,0,0,0,0,0,0,1
91,0,3,0,0.0,29.0,0,0,-1,8.05,0,0,1,0,0,1,0,0,0,0,0,0,0,0,0,1
92,0,3,0,0.0,20.0,0,0,-1,7.8542,0,0,1,0,0,1,0,0,0,0,0,0,0,0,0,1
93,0,1,1,0.0,46.0,2,0,0,30.5875,0,0,1,0,0,1,0,0,0,0,0,0,1,0,0,0
94,2,3,1,0.0,26.0,2,0,1,5.14375,0,0,1,0,0,1,0,0,0,0,0,0,0,0,0,1
95,0,3,0,0.0,59.0,0,0,-1,7.25,0,0,1,0,0,1,0,0,0,0,0,0,0,0,0,1
96,0,3,0,0.0,20.0,0,0,-1,8.05,0,0,1,0,0,1,0,0,0,0,0,0,0,0,0,1
97,0,1,0,0.0,71.0,0,0,-1,34.6542,1,0,0,0,0,1,0,0,1,0,0,0,0,0,0,0
98,1,1,0,1.0,23.0,2,0,0,31.67915,1,0,0,0,0,1,0,0,0,0,0,1,0,0,0,0
99,1,2,0,1.0,34.0,2,1,1,11.5,0,0,1,0,0,0,1,0,0,0,0,0,0,0,0,1
100,0,2,1,0.0,34.0,2,0,1,13.0,0,0,1,0,0,1,0,0,0,0,0,0,0,0,0,1
101,0,3,0,0.0,28.0,0,0,-1,7.8958,0,0,1,0,1,0,0,0,0,0,0,0,0,0,0,1
102,0,3,0,0.0,18.0,0,0,-1,7.8958,0,0,1,0,0,1,0,0,0,0,0,0,0,0,0,1
103,1,1,0,0.0,21.0,2,0,0,38.64375,0,0,1,0,0,1,0,0,0,0,0,1,0,0,0,0
104,0,3,0,0.0,33.0,0,0,-1,8.6542,0,0,1,0,0,1,0,0,0,0,0,0,0,0,0,1
105,0,3,2,0.0,37.0,2,0,0,7.925,0,0,1,0,0,1,0,0,0,0,0,0,0,0,0,1
106,0,3,0,0.0,28.0,0,0,-1,7.8958,0,0,1,0,0,1,0,0,0,0,0,0,0,0,0,1
107,0,3,0,1.0,21.0,0,0,-1,7.65,0,0,1,0,1,0,0,0,0,0,0,0,0,0,0,1
108,0,3,0,1.0,27.0,0,0,-1,7.775,0,0,1,0,0,1,0,0,0,0,0,0,0,0,0,1
109,0,3,0,0.0,38.0,0,0,-1,7.8958,0,0,1,0,0,1,0,0,0,0,0,0,0,0,0,1
110,0,3,1,1.0,7.0,2,0,0,8.049999999999999,0,1,0,0,1,0,0,0,0,0,0,0,0,0,0,1
111,0,1,0,0.0,47.0,1,0,0,26.0,0,0,1,0,0,1,0,0,0,0,1,0,0,0,0,0
112,0,3,1,0.0,14.5,2,0,0,7.2271,1,0,0,0,1,0,0,0,0,0,0,0,0,0,0,1
113,0,3,0,0.0,22.0,0,0,-1,8.05,0,0,1,0,0,1,0,0,0,0,0,0,0,0,0,1
114,0,3,1,0.0,20.0,2,0,0,4.9125,0,0,1,0,1,0,0,0,0,0,0,0,0,0,0,1
115,0,3,0,0.0,17.0,1,0,0,7.22915,1,0,0,0,1,0,0,0,0,0,0,0,0,0,0,1
116,0,3,0,0.0,21.0,0,0,-1,7.925,0,0,1,0,0,1,0,0,0,0,0,0,0,0,0,1
117,0,3,0,0.0,70.5,0,0,-1,7.75,0,1,0,0,0,1,0,0,0,0,0,0,0,0,0,1
118,0,2,1,0.0,29.0,2,0,0,10.5,0,0,1,0,0,1,0,0,0,0,0,0,0,0,0,1
119,1,1,0,0.0,24.0,2,0,1,82.50693333333334,1,0,0,0,0,1,0,0,0,1,0,0,0,0,0,0
120,2,3,4,0.0,2.0,3,0,1,4.4678571428571425,0,0,1,0,1,0,0,0,0,0,0,0,0,0,0,1
121,0,2,2,0.0,21.0,2,0,0,10.5,0,0,1,0,0,1,0,0,0,0,0,0,0,0,0,1
122,0,3,0,0.0,32.0,0,0,-1,8.05,0,0,1,0,0,1,0,0,0,0,0,0,0,0,0,1
123,0,2,1,0.0,32.5,2,0,1,15.0354,1,0,0,0,0,1,0,0,0,0,0,0,0,0,0,1
124,0,2,0,1.0,32.5,0,0,-1,13.0,0,0,1,0,1,0,0,0,0,0,0,0,1,0,0,0
125,1,1,0,0.0,54.0,2,0,0,38.64375,0,0,1,0,0,1,0,0,0,0,0,1,0,0,0,0
126,0,3,1,1.0,12.0,2,0,1,5.62085,1,0,0,1,0,0,0,0,0,0,0,0,0,0,0,1
127,0,3,0,0.0,19.0,0,0,-1,7.75,0,1,0,0,0,1,0,0,0,0,0,0,0,0,0,1
128,0,3,0,1.0,24.0,0,0,-1,7.1417,0,0,1,0,0,1,0,0,0,0,0,0,0,0,0,1
129,1,3,1,1.0,16.0,2,0,1,7.452766666666666,1,0,0,0,1,0,0,0,0,0,0,0,0,1,0,0
130,0,3,0,0.0,45.0,0,0,-1,6.975,0,0,1,0,0,1,0,0,0,0,0,0,0,0,0,1
131,0,3,0,0.0,33.0,0,0,-1,7.8958,1,0,0,0,0,1,0,0,0,0,0,0,0,0,0,1
132,0,3,0,0.0,20.0,0,0,-1,7.05,0,0,1,0,0,1,0,0,0,0,0,0,0,0,0,1
133,0,3,1,0.0,47.0,2,0,0,7.25,0,0,1,0,0,0,1,0,0,0,0,0,0,0,0,1
134,0,2,1,1.0,29.0,2,0,0,13.0,0,0,1,0,0,0,1,0,0,0,0,0,0,0,0,1
135,0,2,0,0.0,25.0,0,0,-1,13.0,0,0,1,0,0,1,0,0,0,0,0,0,0,0,0,1
136,0,2,0,0.0,23.0,0,0,-1,15.0458,1,0,0,0,0,1,0,0,0,0,0,0,0,0,0,1
137,2,1,0,1.0,19.0,2,0,0,26.2833,0,0,1,0,1,0,0,0,0,0,0,1,0,0,0,0
138,0,1,1,0.0,37.0,2,0,1,26.55,0,0,1,0,0,1,0,0,0,0,1,0,0,0,0,0
139,0,3,0,0.0,16.0,1,0,0,4.60835,0,0,1,0,0,1,0,0,0,0,0,0,0,0,0,1
140,0,1,0,0.0,24.0,1,0,0,39.6,1,0,0,0,0,1,0,0,0,1,0,0,0,0,0,0
141,2,3,0,0.0,41.0,2,1,0,5.081933333333333,1,0,0,0,0,0,1,0,0,0,0,0,0,0,0,1
142,0,3,0,1.0,22.0,0,0,-1,7.75,0,0,1,0,1,0,0,0,0,0,0,0,0,0,0,1
143,0,3,1,1.0,24.0,2,0,0,7.925,0,0,1,0,0,0,1,0,0,0,0,0,0,0,0,1
144,0,3,0,0.0,19.0,0,0,-1,6.75,0,1,0,0,0,1,0,0,0,0,0,0,0,0,0,1
145,0,2,0,0.0,18.0,0,0,-1,11.5,0,0,1,0,0,1,0,0,0,0,0,0,0,0,0,1
146,1,2,1,0.0,19.0,2,0,0,9.1875,0,0,1,0,0,1,0,0,0,0,0,0,0,0,0,1
147,0,3,0,1.0,27.0,0,0,-1,7.7958,0,0,1,0,0,1,0,0,0,0,0,0,0,0,0,1
148,2,3,2,0.0,9.0,3,0,0,6.875,0,0,1,0,1,0,0,0,0,0,0,0,0,0,0,1
149,2,2,0,0.0,36.5,2,0,1,8.666666666666666,0,0,1,0,0,1,0,0,0,0,0,0,0,1,0,0
150,0,2,0,0.0,42.0,0,0,-1,13.0,0,0,1,0,0,0,0,1,0,0,0,0,0,0,0,1
151,0,2,0,0.0,51.0,0,0,-1,12.525,0,0,1,0,0,0,0,1,0,0,0,0,0,0,0,1
152,0,1,1,1.0,22.0,2,0,0,33.3,0,0,1,0,0,0,1,0,0,0,1,0,0,0,0,0
153,0,3,0,0.0,55.5,0,0,-1,8.05,0,0,1,0,0,1,0,0,0,0,0,0,0,0,0,1
154,2,3,0,0.0,40.5,2,0,0,4.833333333333333,0,0,1,0,0,1,0,0,0,0,0,0,0,0,0,1
155,0,3,0,0.0,32.0,0,0,-1,7.3125,0,0,1,0,0,1,0,0,0,0,0,0,0,0,0,1
156,1,1,0,0.0,51.0,2,0,0,30.6896,1,0,0,0,0,1,0,0,0,0,0,0,0,0,0,1
157,0,3,0,1.0,16.0,0,0,-1,7.7333,0,1,0,0,1,0,0,0,0,0,0,0,0,0,0,1
158,0,3,0,0.0,30.0,0,0,-1,8.05,0,0,1,0,0,1,0,0,0,0,0,0,0,0,0,1
159,0,3,0,0.0,23.0,0,0,-1,8.6625,0,0,1,0,0,1,0,0,0,0,0,0,0,0,0,1
160,2,3,8,0.0,9.0,3,0,0,6.322727272727272,0,0,1,1,0,0,0,0,0,0,0,0,0,0,0,1
161,1,3,0,0.0,44.0,2,0,0,8.05,0,0,1,0,0,1,0,0,0,0,0,0,0,0,0,1
162,0,2,0,1.0,40.0,1,0,0,7.875,0,0,1,0,0,0,1,0,0,0,0,0,0,0,0,1
163,0,3,0,0.0,26.0,0,0,-1,7.775,0,0,1,0,0,1,0,0,0,0,0,0,0,0,0,1
164,0,3,0,0.0,17.0,0,0,-1,8.6625,0,0,1,0,0,1,0,0,0,0,0,0,0,0,0,1
165,1,3,4,0.0,1.0,3,0,0,5.669642857142857,0,0,1,1,0,0,0,0,0,0,0,0,0,0,0,1
166,2,3,0,1.0,9.0,2,0,1,6.841666666666666,0,0,1,1,0,0,0,0,0,0,0,0,0,0,0,1
167,1,1,0,1.0,43.0,2,1,0,27.5,0,0,1,0,0,0,1,0,0,0,0,0,1,0,0,0
168,4,3,1,0.0,45.0,3,1,0,4.6499999999999995,0,0,1,0,0,0,1,0,0,0,0,0,0,0,0,1
169,0,1,0,0.0,36.0,0,0,-1,25.925,0,0,1,0,0,1,0,0,0,0,0,0,0,0,0,1
170,0,3,0,0.0,28.0,1,0,1,7.061975,0,0,1,0,0,1,0,0,0,0,0,0,0,0,0,1
171,0,1,0,0.0,61.0,0,0,-1,33.5,0,0,1,0,0,1,0,0,0,1,0,0,0,0,0,0
172,1,3,4,0.0,4.0,3,0,0,4.854166666666667,0,1,0,1,0,0,0,0,0,0,0,0,0,0,0,1
173,1,3,1,1.0,1.0,2,0,1,3.7111,0,0,1,0,1,0,0,0,0,0,0,0,0,0,0,1
174,0,3,0,0.0,21.0,0,0,-1,7.925,0,0,1,0,0,1,0,0,0,0,0,0,0,0,0,1
175,0,1,0,0.0,56.0,0,0,-1,30.6958,1,0,0,0,0,1,0,0,1,0,0,0,0,0,0,0
176,1,3,1,0.0,18.0,2,0,0,7.8542,0,0,1,0,0,1,0,0,0,0,0,0,0,0,0,1
177,1,3,3,0.0,2.0,3,0,0,5.0933399999999995,0,0,1,1,0,0,0,0,0,0,0,0,0,0,0,1
178,0,1,0,0.0,50.0,0,0,-1,28.7125,1,0,0,0,1,0,0,0,0,0,1,0,0,0,0,0
179,0,2,0,0.0,30.0,0,0,-1,13.0,0,0,1,0,0,1,0,0,0,0,0,0,0,0,0,1
180,0,3,0,0.0,36.0,1,0,1,7.85,0,0,1,0,0,1,0,0,0,0,0,0,0,0,0,1
181,2,3,8,0.0,20.0,3,0,0,6.322727272727272,0,0,1,0,1,0,0,0,0,0,0,0,0,0,0,1
182,0,2,0,0.0,22.0,0,0,-1,15.05,1,0,0,0,0,1,0,0,0,0,0,0,0,0,0,1
183,2,3,4,0.0,9.0,3,0,1,4.483928571428572,0,0,1,1,0,0,0,0,0,0,0,0,0,0,0,1
184,1,2,2,1.0,1.0,2,0,1,9.75,0,0,1,1,0,0,0,0,0,0,0,0,0,1,0,0
185,2,3,0,1.0,4.0,2,0,0,7.341666666666666,0,0,1,0,1,0,0,0,0,0,0,0,0,0,0,1
186,0,1,0,0.0,34.0,0,0,-1,50.0,0,0,1,0,0,1,0,0,1,0,0,0,0,0,0,0
187,0,3,1,1.0,35.0,2,0,0,7.75,0,1,0,0,0,0,1,0,0,0,0,0,0,0,0,1
188,0,1,0,1.0,45.0,0,0,-1,26.55,0,0,1,0,0,1,0,0,0,0,0,0,0,0,0,1
189,1,3,1,0.0,40.0,2,0,0,7.75,0,1,0,0,0,1,0,0,0,0,0,0,0,0,0,1
190,0,3,0,0.0,36.0,0,0,-1,7.8958,0,0,1,0,0,1,0,0,0,0,0,0,0,0,0,1
191,0,2,0,1.0,32.0,0,0,-1,13.0,0,0,1,0,0,0,1,0,0,0,0,0,0,0,0,1
192,0,2,0,0.0,19.0,0,0,-1,13.0,0,0,1,0,0,1,0,0,0,0,0,0,0,0,0,1
193,0,3,1,1.0,19.0,2,0,0,7.8542,0,0,1,0,1,0,0,0,0,0,0,0,0,0,0,1
194,1,2,1,1.0,3.0,2,0,1,8.666666666666666,0,0,1,1,0,0,0,0,0,0,0,0,0,1,0,0
195,0,1,0,1.0,44.0,0,0,-1,27.7208,1,0,0,0,0,0,1,0,0,1,0,0,0,0,0,0
196,0,1,0,1.0,58.0,1,0,1,48.84026666666667,1,0,0,0,1,0,0,0,0,1,0,0,0,0,0,0
197,0,3,0,0.0,26.0,0,0,-1,7.75,0,1,0,0,0,1,0,0,0,0,0,0,0,0,0,1
198,1,3,0,0.0,42.0,2,0,0,8.4042,0,0,1,0,0,1,0,0,0,0,0,0,0,0,0,1
199,0,3,0,1.0,14.0,0,0,-1,7.75,0,1,0,0,1,0,0,0,0,0,0,0,0,0,0,1
200,0,2,0,0.0,24.0,0,0,-1,13.0,0,0,1,0,1,0,0,0,0,0,0,0,0,0,0,1
201,0,3,0,0.0,28.0,0,0,-1,9.5,0,0,1,0,0,1,0,0,0,0,0,0,0,0,0,1
202,2,3,8,0.0,24.0,3,0,0,6.322727272727272,0,0,1,0,0,1,0,0,0,0,0,0,0,0,0,1
203,0,3,0,0.0,34.0,0,0,-1,6.4958,0,0,1,0,0,1,0,0,0,0,0,0,0,0,0,1
204,0,3,0,0.0,45.5,0,0,-1,7.225,1,0,0,0,0,1,0,0,0,0,0,0,0,0,0,1
205,0,3,0,1.0,18.0,0,0,-1,8.05,0,0,1,0,0,1,0,0,0,0,0,0,0,0,0,1
206,1,3,0,0.0,2.0,2,0,0,5.23125,0,0,1,0,1,0,0,0,0,0,0,0,0,0,1,0
207,0,3,1,0.0,32.0,2,0,0,7.925,0,0,1,0,0,1,0,0,0,0,0,0,0,0,0,1
208,0,3,0,1.0,26.0,1,0,0,9.39375,1,0,0,0,0,1,0,0,0,0,0,0,0,0,0,1
209,0,3,0,1.0,16.0,0,0,-1,7.75,0,1,0,0,1,0,0,0,0,0,0,0,0,0,0,1
210,0,1,0,1.0,40.0,0,0,-1,31.0,1,0,0,0,0,1,0,0,1,0,0,0,0,0,0,0
211,0,3,0,0.0,24.0,0,0,-1,7.05,0,0,1,0,0,1,0,0,0,0,0,0,0,0,0,1
212,0,2,0,1.0,35.0,1,0,0,10.5,0,0,1,0,1,0,0,0,0,0,0,0,0,0,0,1
213,0,3,0,0.0,22.0,0,0,-1,7.25,0,0,1,0,0,1,0,0,0,0,0,0,0,0,0,1
214,0,2,0,0.0,30.0,0,0,-1,13.0,0,0,1,0,0,1,0,0,0,0,0,0,0,0,0,1
215,0,3,1,0.0,24.0,2,0,0,7.75,0,1,0,0,0,1,0,0,0,0,0,0,0,0,0,1
216,0,1,1,1.0,31.0,2,0,1,37.75833333333333,1,0,0,0,1,0,0,0,0,0,0,1,0,0,0,0
217,0,3,0,1.0,27.0,0,0,-1,7.925,0,0,1,0,1,0,0,0,0,0,0,0,0,0,0,1
218,0,2,1,0.0,42.0,2,0,0,13.5,0,0,1,0,0,1,0,0,0,0,0,0,0,0,0,1
219,0,1,0,1.0,32.0,1,0,0,38.14585,1,0,0,0,1,0,0,0,0,0,0,1,0,0,0,0
220,0,2,0,0.0,30.0,0,0,-1,10.5,0,0,1,0,0,1,0,0,0,0,0,0,0,0,0,1
221,0,3,0,1.0,16.0,0,0,-1,8.05,0,0,1,0,0,1,0,0,0,0,0,0,0,0,0,1
222,0,2,0,0.0,27.0,0,0,-1,13.0,0,0,1,0,0,1,0,0,0,0,0,0,0,0,0,1
223,0,3,0,0.0,51.0,0,0,-1,8.05,0,0,1,0,0,1,0,0,0,0,0,0,0,0,0,1
224,0,3,0,0.0,26.0,0,0,-1,7.8958,0,0,1,0,0,1,0,0,0,0,0,0,0,0,0,1
225,0,1,1,1.0,38.0,2,0,1,45.0,0,0,1,0,0,1,0,0,0,0,1,0,0,0,0,0
226,0,3,0,0.0,22.0,0,0,-1,9.35,0,0,1,0,0,1,0,0,0,0,0,0,0,0,0,1
227,0,2,0,1.0,19.0,0,0,-1,10.5,0,0,1,0,0,1,0,0,0,0,0,0,0,0,0,1
228,0,3,0,0.0,20.5,0,0,-1,7.25,0,0,1,0,0,1,0,0,0,0,0,0,0,0,0,1
229,0,2,0,0.0,18.0,0,0,-1,13.0,0,0,1,0,0,1,0,0,0,0,0,0,0,0,0,1
230,1,3,3,0.0,11.0,3,0,0,5.0933399999999995,0,0,1,0,1,0,0,0,0,0,0,0,0,0,0,1
231,0,1,1,1.0,35.0,2,0,0,41.7375,0,0,1,0,0,0,1,0,0,0,1,0,0,0,0,0
232,0,3,0,0.0,29.0,0,0,-1,7.775,0,0,1,0,0,1,0,0,0,0,0,0,0,0,0,1
233,0,2,0,0.0,59.0,0,0,-1,13.5,0,0,1,0,0,1,0,0,0,0,0,0,0,0,0,1
234,2,3,4,1.0,5.0,3,0,1,4.483928571428572,0,0,1,0,1,0,0,0,0,0,0,0,0,0,0,1
235,0,2,0,0.0,24.0,0,0,-1,10.5,0,0,1,0,0,1,0,0,0,0,0,0,0,0,0,1
236,0,3,0,0.0,14.0,0,0,-1,7.55,0,0,1,0,1,0,0,0,0,0,0,0,0,0,0,1
237,0,2,1,0.0,44.0,2,0,0,13.0,0,0,1,0,0,1,0,0,0,0,0,0,0,0,0,1
238,2,2,0,1.0,8.0,2,0,1,8.75,0,0,1,0,1,0,0,0,0,0,0,0,0,0,0,1
239,0,2,0,0.0,19.0,0,0,-1,10.5,0,0,1,0,0,1,0,0,0,0,0,0,0,0,0,1
240,0,2,0,0.0,33.0,0,0,-1,12.275,0,0,1,0,0,1,0,0,0,0,0,0,0,0,0,1
241,0,3,1,0.0,7.0,2,0,0,7.2271,1,0,0,0,1,0,0,0,0,0,0,0,0,0,0,1
242,0,3,1,1.0,12.0,2,0,1,7.75,0,1,0,0,1,0,0,0,0,0,0,0,0,0,0,1
243,0,2,0,0.0,29.0,0,0,-1,10.5,0,0,1,0,0,1,0,0,0,0,0,0,0,0,0,1
244,0,3,0,0.0,22.0,0,0,-1,7.125,0,0,1,0,0,1,0,0,0,0,0,0,0,0,0,1
245,0,3,0,0.0,30.0,0,0,-1,7.225,1,0,0,0,0,1,0,0,0,0,0,0,0,0,0,1
246,0,1,2,0.0,44.0,2,0,0,30.0,0,1,0,0,0,0,0,1,0,0,1,0,0,0,0,0
247,0,3,0,0.0,25.0,0,0,-1,7.775,0,0,1,0,1,0,0,0,0,0,0,0,0,0,0,1
248,2,2,0,1.0,24.0,2,1,1,7.25,0,0,1,0,0,0,1,0,0,0,0,0,0,0,0,1
249,1,1,1,1.0,37.0,2,0,1,26.2771,0,0,1,0,0,1,0,0,0,0,0,1,0,0,0,0
250,0,2,1,0.0,54.0,2,0,0,13.0,0,0,1,0,0,0,0,1,0,1,0,0,0,0,0,0
251,0,3,0,0.0,18.0,0,0,-1,7.25,0,0,1,0,0,1,0,0,0,0,0,0,0,0,0,1
252,1,3,1,0.0,29.0,2,1,0,5.23125,0,0,1,0,0,0,1,0,0,0,0,0,0,0,1,0
253,0,1,0,0.0,62.0,0,0,-1,26.55,0,0,1,0,0,1,0,0,0,0,1,0,0,0,0,0
254,0,3,1,0.0,30.0,2,0,0,8.05,0,0,1,0,0,1,0,0,0,0,0,0,0,0,0,1
255,2,3,0,0.0,41.0,2,1,0,6.7375,0,0,1,0,0,0,1,0,0,0,0,0,0,0,0,1
256,2,3,0,1.0,29.0,2,1,0,5.081933333333333,1,0,0,0,0,0,1,0,0,0,0,0,0,0,0,1
257,0,1,0,1.0,49.0,1,0,0,39.6,1,0,0,0,0,0,1,0,0,0,0,0,0,0,0,1
258,0,1,0,1.0,30.0,1,0,1,28.833333333333332,0,0,1,0,1,0,0,0,0,1,0,0,0,0,0,0
259,0,1,0,1.0,35.0,1,0,1,128.0823,1,0,0,0,1,0,0,0,0,1,0,0,0,0,0,0
260,1,2,0,1.0,50.0,2,1,0,13.0,0,0,1,0,0,0,1,0,0,0,0,0,0,0,0,1
261,0,3,0,0.0,24.0,0,0,-1,7.75,0,1,0,0,0,1,0,0,0,0,0,0,0,0,0,1
262,2,3,4,1.0,3.0,3,0,1,4.483928571428572,0,0,1,1,0,0,0,0,0,0,0,0,0,0,0,1
263,1,1,1,0.0,52.0,2,0,1,26.55,0,0,1,0,0,1,0,0,0,0,0,0,1,0,0,0
264,0,1,0,0.0,40.0,0,0,-1,26.55,0,0,1,0,0,1,0,0,0,1,0,0,0,0,0,0
265,0,3,0,0.0,19.0,0,0,-1,7.75,0,1,0,0,1,0,0,0,0,0,0,0,0,0,0,1
266,0,2,0,0.0,36.0,0,0,-1,10.5,0,0,1,0,0,1,0,0,0,0,0,0,0,0,0,1
267,1,3,4,0.0,16.0,3,0,0,5.669642857142857,0,0,1,0,0,1,0,0,0,0,0,0,0,0,0,1
268,0,3,1,1.0,25.0,2,0,0,7.775,0,0,1,0,0,1,0,0,0,0,0,0,0,0,0,1
269,1,1,0,1.0,58.0,2,1,0,51.15416666666667,0,0,1,0,0,0,1,0,0,0,1,0,0,0,0,0
270,0,1,0,1.0,35.0,1,0,1,33.908325,0,0,1,0,1,0,0,0,0,0,1,0,0,0,0,0
271,0,1,0,0.0,47.0,1,0,1,15.5,0,0,1,0,0,1,0,0,0,0,0,0,0,0,0,1
272,0,3,0,1.0,25.0,1,0,0,7.85,0,0,1,0,0,1,0,0,0,0,0,0,0,0,0,1
273,1,2,0,1.0,41.0,2,1,1,9.75,0,0,1,0,0,0,1,0,0,0,0,0,0,0,0,1
274,1,1,0,0.0,37.0,2,0,0,29.7,1,0,0,0,0,1,0,0,0,0,1,0,0,0,0,0
275,0,3,0,1.0,13.0,0,0,-1,7.75,0,1,0,0,1,0,0,0,0,0,0,0,0,0,0,1
276,0,1,1,1.0,63.0,2,0,0,25.986099999999997,0,0,1,0,1,0,0,0,0,0,0,1,0,0,0,0
277,0,3,0,0.0,45.0,0,0,-1,7.75,0,0,1,0,1,0,0,0,0,0,0,0,0,0,0,1
278,0,2,0,0.0,42.0,1,0,0,12.5875,0,0,1,0,0,1,0,0,0,0,0,0,0,0,0,1
279,1,3,4,0.0,7.0,3,0,0,4.854166666666667,0,1,0,1,0,0,0,0,0,0,0,0,0,0,0,1
280,1,3,1,1.0,35.0,2,1,0,6.75,0,0,1,0,0,0,1,0,0,0,0,0,0,0,0,1
281,0,3,0,0.0,65.0,0,0,-1,7.75,0,1,0,0,0,1,0,0,0,0,0,0,0,0,0,1
282,0,3,0,0.0,28.0,0,0,-1,7.8542,0,0,1,0,0,1,0,0,0,0,0,0,0,0,0,1
283,0,3,0,0.0,16.0,0,0,-1,9.5,0,0,1,0,0,1,0,0,0,0,0,0,0,0,0,1
284,0,3,0,1.0,19.0,0,0,-1,8.05,0,0,1,0,0,1,0,0,0,0,0,0,0,0,0,1
285,0,1,0,0.0,33.0,0,0,-1,26.0,0,0,1,0,0,1,0,0,1,0,0,0,0,0,0,0
286,0,3,0,0.0,33.0,0,0,-1,8.6625,1,0,0,0,0,1,0,0,0,0,0,0,0,0,0,1
287,0,3,0,1.0,30.0,0,0,-1,9.5,0,0,1,0,0,1,0,0,0,0,0,0,0,0,0,1
288,0,3,0,0.0,22.0,0,0,-1,7.8958,0,0,1,0,0,1,0,0,0,0,0,0,0,0,0,1
289,0,2,0,1.0,42.0,0,0,-1,13.0,0,0,1,0,0,1,0,0,0,0,0,0,0,0,0,1
290,0,3,0,1.0,22.0,0,0,-1,7.75,0,1,0,0,1,0,0,0,0,0,0,0,0,0,0,1
291,0,1,0,1.0,26.0,1,0,0,26.28333333333333,0,0,1,0,1,0,0,0,0,0,1,0,0,0,0,0
292,0,1,1,1.0,19.0,2,0,1,45.5396,1,0,0,0,0,0,1,0,0,1,0,0,0,0,0,0
293,0,2,0,0.0,36.0,0,0,-1,12.875,1,0,0,0,0,1,0,0,0,0,0,1,0,0,0,0
294,0,3,0,0.0,24.0,0,0,-1,8.85,0,0,1,0,1,0,0,0,0,0,0,0,0,0,0,1
295,0,3,0,0.0,24.0,0,0,-1,7.8958,0,0,1,0,0,1,0,0,0,0,0,0,0,0,0,1
296,0,1,0,0.0,32.0,0,0,-1,27.7208,1,0,0,0,0,1,0,0,0,0,0,0,0,0,0,1
297,0,3,0,0.0,23.5,0,0,-1,7.2292,1,0,0,0,0,1,0,0,0,0,0,0,0,0,0,1
298,2,1,1,0.0,2.0,2,0,1,25.258333333333336,0,0,1,0,1,0,0,0,0,0,1,0,0,0,0,0
299,0,1,0,1.0,49.0,0,0,-1,30.5,0,0,1,0,0,1,0,0,0,0,1,0,0,0,0,0
300,1,1,0,1.0,50.0,2,1,0,82.50693333333334,1,0,0,0,0,0,1,0,0,1,0,0,0,0,0,0
301,0,3,0,1.0,23.0,0,0,-1,7.75,0,1,0,0,1,0,0,0,0,0,0,0,0,0,0,1
302,0,3,2,1.0,24.0,2,0,1,7.75,0,1,0,0,0,1,0,0,0,0,0,0,0,0,0,1
303,0,3,0,0.0,19.0,1,0,1,7.85,0,0,1,0,0,1,0,0,0,0,0,0,0,0,0,1
304,0,2,0,1.0,23.0,0,0,-1,12.35,0,1,0,0,1,0,0,0,0,0,0,0,1,0,0,0
305,0,3,0,0.0,36.0,0,0,-1,8.05,0,0,1,0,0,1,0,0,0,0,0,0,0,0,0,1
306,2,1,1,1.0,0.92,2,0,0,25.258333333333336,0,0,1,1,0,0,0,0,0,0,1,0,0,0,0,0
307,0,1,0,1.0,32.0,1,0,1,27.720825,1,0,0,0,1,0,0,0,0,0,1,0,0,0,0,0
308,0,1,1,1.0,17.0,2,0,0,36.300000000000004,1,0,0,0,0,0,1,0,0,0,1,0,0,0,0,0
309,0,2,1,0.0,30.0,2,0,1,12.0,1,0,0,0,0,1,0,0,0,0,0,0,0,0,0,1
310,0,1,0,1.0,30.0,1,0,1,28.4646,1,0,0,0,1,0,0,0,0,0,0,0,1,0,0,0
311,0,1,0,1.0,24.0,1,0,1,27.71943333333333,1,0,0,0,1,0,0,0,0,0,1,0,0,0,0,0
312,2,1,2,1.0,18.0,3,0,1,37.482142857142854,1,0,0,0,1,0,0,0,0,1,0,0,0,0,0,0
313,1,2,1,0.0,26.0,2,1,0,13.0,0,0,1,0,0,0,1,0,0,0,0,0,0,0,0,1
314,0,3,0,0.0,28.0,0,0,-1,7.8958,0,0,1,0,0,1,0,0,0,0,0,0,0,0,0,1
315,1,2,1,0.0,43.0,2,0,1,8.75,0,0,1,0,0,1,0,0,0,0,0,0,0,0,0,1
316,0,3,0,1.0,26.0,0,0,-1,7.8542,0,0,1,0,1,0,0,0,0,0,0,0,0,0,0,1
317,0,2,1,1.0,24.0,2,0,0,13.0,0,0,1,0,0,0,1,0,0,0,0,0,0,0,0,1
318,0,2,0,0.0,54.0,0,0,-1,14.0,0,0,1,0,0,0,0,1,0,0,0,0,0,0,0,1
319,2,1,0,1.0,31.0,2,0,1,41.216675,0,0,1,0,1,0,0,0,0,0,1,0,0,0,0,0
320,1,1,1,1.0,40.0,2,1,0,26.9,1,0,0,0,0,0,1,0,0,0,0,0,1,0,0,0
321,0,3,0,0.0,22.0,0,0,-1,7.25,0,0,1,0,0,1,0,0,0,0,0,0,0,0,0,1
322,0,3,0,0.0,27.0,0,0,-1,7.8958,0,0,1,0,0,1,0,0,0,0,0,0,0,0,0,1
323,0,2,0,1.0,30.0,0,0,-1,12.35,0,1,0,0,1,0,0,0,0,0,0,0,0,0,0,1
324,1,2,1,1.0,22.0,2,1,1,9.666666666666666,0,0,1,0,0,0,1,0,0,0,0,0,0,0,0,1
325,2,3,8,0.0,18.0,3,0,0,6.322727272727272,0,0,1,0,0,1,0,0,0,0,0,0,0,0,0,1
326,0,1,0,1.0,36.0,1,0,1,33.908325,1,0,0,0,1,0,0,0,0,0,1,0,0,0,0,0
327,0,3,0,0.0,61.0,0,0,-1,6.2375,0,0,1,0,0,1,0,0,0,0,0,0,0,0,0,1
328,0,2,0,1.0,36.0,0,0,-1,13.0,0,0,1,0,0,0,1,0,0,0,0,1,0,0,0,0
329,1,3,1,1.0,31.0,2,1,1,6.841666666666666,0,0,1,0,0,0,1,0,0,0,0,0,0,0,0,1
330,1,1,0,1.0,16.0,2,0,1,28.9896,1,0,0,0,1,0,0,0,0,1,0,0,0,0,0,0
331,0,3,2,1.0,9.0,2,0,1,7.75,0,1,0,0,1,0,0,0,0,0,0,0,0,0,0,1
332,0,1,0,0.0,45.5,0,0,-1,28.5,0,0,1,0,0,1,0,0,0,0,1,0,0,0,0,0
333,1,1,0,0.0,38.0,2,0,1,51.15416666666667,0,0,1,0,0,1,0,0,0,0,1,0,0,0,0,0
334,0,3,2,0.0,16.0,2,0,0,9.0,0,0,1,0,0,1,0,0,0,0,0,0,0,0,0,1
335,0,1,1,1.0,53.0,2,0,0,66.825,0,0,1,0,0,0,1,0,0,0,0,1,0,0,0,0
336,0,3,0,0.0,22.0,0,0,-1,7.8958,0,0,1,0,0,1,0,0,0,0,0,0,0,0,0,1
337,0,1,1,0.0,29.0,2,0,1,33.3,0,0,1,0,0,1,0,0,0,0,1,0,0,0,0,0
338,0,1,0,1.0,41.0,1,0,1,26.9,1,0,0,0,1,0,0,0,0,0,0,0,1,0,0,0
339,0,3,0,1.0,45.0,0,0,-1,8.05,0,0,1,0,0,1,0,0,0,0,0,0,0,0,0,1
340,0,1,0,0.0,45.0,0,0,-1,35.5,0,0,1,0,0,1,0,0,1,0,0,0,0,0,0,0
341,1,2,1,1.0,2.0,2,0,1,8.666666666666666,0,0,1,1,0,0,0,0,0,0,0,0,0,1,0,0
342,2,1,3,1.0,24.0,3,0,1,43.833333333333336,0,0,1,0,1,0,0,0,0,0,1,0,0,0,0,0
343,0,2,0,0.0,28.0,0,0,-1,13.0,0,0,1,0,0,1,0,0,0,0,0,0,0,0,0,1
344,0,2,0,0.0,25.0,0,0,-1,13.0,0,0,1,0,0,1,0,0,0,0,0,0,0,0,0,1
345,0,2,0,0.0,36.0,0,0,-1,13.0,0,0,1,0,0,1,0,0,0,0,0,0,0,0,0,1
346,0,2,0,1.0,24.0,0,0,-1,13.0,0,0,1,0,1,0,0,0,0,0,0,0,0,1,0,0
347,0,2,0,1.0,40.0,0,0,-1,13.0,0,0,1,0,1,0,0,0,0,0,0,0,0,0,0,1
348,0,3,1,1.0,38.0,2,0,0,8.05,0,0,1,0,0,0,1,0,0,0,0,0,0,0,0,1
349,1,3,1,1.0,3.0,2,0,1,5.3,0,0,1,1,0,0,0,0,0,0,0,0,0,0,0,1
350,0,3,0,0.0,42.0,0,0,-1,8.6625,0,0,1,0,0,1,0,0,0,0,0,0,0,0,0,1
351,0,3,0,0.0,23.0,0,0,-1,9.225,0,0,1,0,0,1,0,0,0,0,0,0,0,0,0,1
352,0,1,0,0.0,46.0,0,0,-1,35.0,0,0,1,0,0,1,0,0,0,0,1,0,0,0,0,0
353,1,3,1,0.0,15.0,2,0,0,7.2292,1,0,0,0,0,1,0,0,0,0,0,0,0,0,0,1
354,0,3,1,0.0,25.0,2,0,0,8.9,0,0,1,0,0,1,0,0,0,0,0,0,0,0,0,1
355,0,3,0,0.0,30.0,0,0,-1,7.225,1,0,0,0,0,1,0,0,0,0,0,0,0,0,0,1
356,0,3,0,0.0,28.0,0,0,-1,9.5,0,0,1,0,0,1,0,0,0,0,0,0,0,0,0,1
357,1,1,0,1.0,22.0,2,0,0,27.5,0,0,1,0,1,0,0,0,0,0,0,0,1,0,0,0
358,0,2,0,0.0,38.0,0,0,-1,13.0,0,0,1,0,1,0,0,0,0,0,0,0,0,0,0,1
359,0,3,0,1.0,25.0,0,0,-1,7.8792,0,1,0,0,1,0,0,0,0,0,0,0,0,0,0,1
360,0,3,0,1.0,10.0,0,0,-1,7.8792,0,1,0,0,1,0,0,0,0,0,0,0,0,0,0,1
361,4,3,1,0.0,40.0,3,0,0,4.6499999999999995,0,0,1,0,0,1,0,0,0,0,0,0,0,0,0,1
362,0,2,1,0.0,29.0,2,0,0,13.8604,1,0,0,0,0,1,0,0,0,0,0,0,0,0,0,1
363,1,3,0,0.0,45.0,2,1,0,7.2271,1,0,0,0,0,0,1,0,0,0,0,0,0,0,0,1
364,0,3,0,0.0,35.0,0,0,-1,7.05,0,0,1,0,0,1,0,0,0,0,0,0,0,0,0,1
365,0,3,1,0.0,29.0,2,0,1,7.75,0,1,0,0,0,1,0,0,0,0,0,0,0,0,0,1
366,0,3,0,0.0,30.0,0,0,-1,7.25,0,0,1,0,0,1,0,0,0,0,0,0,0,0,0,1
367,0,1,1,1.0,60.0,2,0,0,37.625,1,0,0,0,0,0,1,0,0,0,0,1,0,0,0,0
368,0,3,0,1.0,34.0,0,0,-1,7.2292,1,0,0,0,0,0,1,0,0,0,0,0,0,0,0,1
369,0,3,0,1.0,22.0,0,0,-1,7.75,0,1,0,0,1,0,0,0,0,0,0,0,0,0,0,1
370,0,1,0,1.0,24.0,1,0,1,34.65,1,0,0,0,0,0,1,0,0,1,0,0,0,0,0,0
371,0,1,1,1.0,25.0,2,0,0,27.72085,1,0,0,0,0,1,0,0,0,0,0,0,1,0,0,0
372,0,3,1,0.0,18.0,2,0,0,6.4958,0,0,1,0,0,1,0,0,0,0,0,0,0,0,0,1
373,0,3,0,0.0,19.0,0,0,-1,8.05,0,0,1,0,0,1,0,0,0,0,0,0,0,0,0,1
374,0,1,0,0.0,22.0,1,0,1,33.908325,1,0,0,0,0,1,0,0,0,0,1,0,0,0,0,0
375,1,3,3,0.0,3.0,3,0,0,4.215,0,0,1,0,1,0,0,0,0,0,0,0,0,0,0,1
376,0,1,1,1.0,42.0,2,0,0,41.0854,1,0,0,0,0,0,1,0,0,0,0,0,0,0,0,1
377,0,3,0,1.0,22.0,0,0,-1,7.25,0,0,1,0,1,0,0,0,0,0,0,0,0,0,0,1
378,2,1,0,0.0,27.0,2,0,0,42.3,1,0,0,0,0,1,0,0,0,0,1,0,0,0,0,0
379,0,3,0,0.0,20.0,0,0,-1,4.0125,1,0,0,0,0,1,0,0,0,0,0,0,0,0,0,1
380,0,3,0,0.0,19.0,0,0,-1,7.775,0,0,1,0,0,1,0,0,0,0,0,0,0,0,0,1
381,0,1,0,1.0,42.0,1,0,1,45.505,1,0,0,0,1,0,0,0,0,0,1,0,0,0,0,0
382,2,3,0,1.0,1.0,2,0,1,5.247233333333333,1,0,0,0,1,0,0,0,0,0,0,0,0,0,0,1
383,0,3,0,0.0,32.0,0,0,-1,7.925,0,0,1,0,0,1,0,0,0,0,0,0,0,0,0,1
384,0,1,1,1.0,35.0,2,0,0,26.0,0,0,1,0,0,0,1,0,0,0,0,0,0,0,0,1
385,0,3,0,0.0,25.0,0,0,-1,7.8958,0,0,1,0,0,1,0,0,0,0,0,0,0,0,0,1
386,0,2,0,0.0,18.0,1,0,0,10.5,0,0,1,0,0,1,0,0,0,0,0,0,0,0,0,1
387,2,3,5,0.0,1.0,3,0,0,5.8625,0,0,1,1,0,0,0,0,0,0,0,0,0,0,0,1
388,0,2,0,1.0,36.0,0,0,-1,13.0,0,0,1,0,1,0,0,0,0,0,0,0,0,0,0,1
389,0,3,0,0.0,21.0,0,0,-1,7.7292,0,1,0,0,0,1,0,0,0,0,0,0,0,0,0,1
390,0,2,0,1.0,17.0,0,0,-1,12.0,1,0,0,0,1,0,0,0,0,0,0,0,0,0,0,1
391,2,1,1,1.0,36.0,2,0,1,30.0,0,0,1,0,0,1,0,0,0,1,0,0,0,0,0,0
392,0,3,0,1.0,21.0,0,0,-1,7.7958,0,0,1,0,0,1,0,0,0,0,0,0,0,0,0,1
393,0,3,2,0.0,28.0,2,0,0,7.925,0,0,1,0,0,1,0,0,0,0,0,0,0,0,0,1
394,0,1,1,1.0,23.0,2,0,1,37.75833333333333,1,0,0,0,1,0,0,0,0,0,0,1,0,0,0,0
395,2,3,0,1.0,24.0,2,1,1,5.566666666666666,0,0,1,0,0,0,1,0,0,0,0,0,0,0,1,0
396,0,3,0,0.0,22.0,0,0,-1,7.7958,0,0,1,0,0,1,0,0,0,0,0,0,0,0,0,1
397,0,3,0,0.0,31.0,0,0,-1,7.8542,0,0,1,0,1,0,0,0,0,0,0,0,0,0,0,1
398,0,2,0,0.0,46.0,1,0,0,13.0,0,0,1,0,0,1,0,0,0,0,0,0,0,0,0,1
399,0,2,0,0.0,23.0,0,0,-1,10.5,0,0,1,0,0,0,0,1,0,0,0,0,0,0,0,1
400,0,2,0,1.0,28.0,0,0,-1,12.65,0,0,1,0,0,0,1,0,0,0,0,0,0,0,0,1
401,0,3,0,1.0,39.0,0,0,-1,7.925,0,0,1,0,0,1,0,0,0,0,0,0,0,0,0,1
402,0,3,0,0.0,26.0,0,0,-1,8.05,0,0,1,0,0,1,0,0,0,0,0,0,0,0,0,1
403,0,3,1,0.0,21.0,2,0,0,4.9125,0,0,1,0,1,0,0,0,0,0,0,0,0,0,0,1
404,0,3,1,0.0,28.0,2,0,1,7.925,0,0,1,0,0,1,0,0,0,0,0,0,0,0,0,1
405,0,3,0,0.0,20.0,0,0,-1,8.6625,0,0,1,0,1,0,0,0,0,0,0,0,0,0,0,1
406,0,2,1,0.0,34.0,2,0,0,10.5,0,0,1,0,0,1,0,0,0,0,0,0,0,0,0,1
407,0,3,0,0.0,51.0,0,0,-1,7.75,0,0,1,0,0,1,0,0,0,0,0,0,0,0,0,1
408,1,2,1,1.0,3.0,2,0,1,6.25,0,0,1,1,0,0,0,0,0,0,0,0,0,0,0,1
409,0,3,0,0.0,21.0,0,0,-1,7.775,0,0,1,0,0,1,0,0,0,0,0,0,0,0,0,1
410,1,3,3,0.0,13.0,3,0,0,5.0933399999999995,0,0,1,0,1,0,0,0,0,0,0,0,0,0,0,1
411,0,3,0,0.0,20.0,0,0,-1,7.8958,0,0,1,0,0,1,0,0,0,0,0,0,0,0,0,1
412,0,3,0,0.0,21.0,0,0,-1,6.8583,0,1,0,0,0,1,0,0,0,0,0,0,0,0,0,1
413,0,1,1,1.0,33.0,2,0,0,30.0,0,1,0,0,1,0,0,0,0,0,1,0,0,0,0,0
414,0,2,0,0.0,32.0,1,0,0,12.5875,0,0,1,0,0,1,0,0,0,0,0,0,0,0,0,1
415,0,3,0,1.0,44.0,0,0,-1,7.925,0,0,1,0,0,1,0,0,0,0,0,0,0,0,0,1
416,0,3,0,0.0,32.0,0,0,-1,8.05,0,0,1,0,0,0,1,0,0,0,0,0,0,0,0,1
417,1,2,1,1.0,34.0,2,1,0,10.833333333333334,0,0,1,0,0,0,1,0,0,0,0,0,0,0,0,1
418,2,2,0,1.0,18.0,2,0,0,13.0,0,0,1,0,1,0,0,0,0,0,0,0,0,0,0,1
419,0,2,0,0.0,30.0,0,0,-1,13.0,0,0,1,0,0,1,0,0,0,0,0,0,0,0,0,1
420,2,3,0,0.0,10.0,2,0,0,8.049999999999999,0,0,1,0,1,0,0,0,0,0,0,0,0,0,0,1
421,0,3,0,0.0,20.0,0,0,-1,7.8958,1,0,0,0,0,1,0,0,0,0,0,0,0,0,0,1
422,0,3,0,0.0,21.0,0,0,-1,7.7333,0,1,0,0,0,1,0,0,0,0,0,0,0,0,0,1
423,0,3,0,0.0,29.0,0,0,-1,7.875,0,0,1,0,0,1,0,0,0,0,0,0,0,0,0,1
424,1,3,1,0.0,28.0,2,1,0,4.8,0,0,1,0,0,0,1,0,0,0,0,0,0,0,0,1
425,1,3,1,0.0,18.0,2,0,0,6.7375,0,0,1,0,0,1,0,0,0,0,0,0,0,0,0,1
426,0,3,0,0.0,24.0,0,0,-1,7.25,0,0,1,0,0,1,0,0,0,0,0,0,0,0,0,1
427,0,2,1,1.0,28.0,2,0,0,13.0,0,0,1,0,0,0,1,0,0,0,0,0,0,0,0,1
428,0,2,0,1.0,19.0,1,0,0,13.0,0,0,1,0,1,0,0,0,0,0,0,0,0,0,0,1
429,0,3,0,0.0,27.0,0,0,-1,7.75,0,1,0,0,0,1,0,0,0,0,0,0,0,0,0,1
430,0,3,0,1.0,32.0,0,0,-1,8.05,0,0,1,0,0,1,0,0,0,0,0,0,1,0,0,0
431,0,1,0,1.0,28.0,0,0,-1,26.55,0,0,1,0,0,1,0,0,0,0,1,0,0,0,0,0
432,0,3,1,1.0,34.0,2,0,0,8.05,0,0,1,0,0,0,1,0,0,0,0,0,0,0,0,1
433,0,2,1,1.0,42.0,2,0,0,13.0,0,0,1,0,0,0,1,0,0,0,0,0,0,0,0,1
434,0,3,0,0.0,17.0,0,0,-1,7.125,0,0,1,0,0,1,0,0,0,0,0,0,0,0,0,1
435,0,1,1,0.0,50.0,2,0,1,27.95,0,0,1,0,0,1,0,0,0,0,0,0,1,0,0,0
436,2,1,1,1.0,14.0,2,0,1,30.0,0,0,1,0,1,0,0,0,0,1,0,0,0,0,0,0
437,2,3,2,0.0,21.0,3,0,0,6.875,0,0,1,0,1,0,0,0,0,0,0,0,0,0,0,1
438,3,2,2,1.0,24.0,3,1,0,6.25,0,0,1,0,0,0,1,0,0,0,0,0,0,0,0,1
439,4,1,1,0.0,64.0,3,0,1,43.833333333333336,0,0,1,0,0,1,0,0,0,0,1,0,0,0,0,0
440,0,2,0,0.0,31.0,0,0,-1,10.5,0,0,1,0,0,1,0,0,0,0,0,0,0,0,0,1
441,1,2,1,1.0,45.0,2,1,1,8.75,0,0,1,0,0,0,1,0,0,0,0,0,0,0,0,1
442,0,3,0,0.0,20.0,0,0,-1,9.5,0,0,1,0,0,1,0,0,0,0,0,0,0,0,0,1
443,0,3,1,0.0,25.0,2,0,0,7.775,0,0,1,0,0,1,0,0,0,0,0,0,0,0,0,1
444,0,2,0,1.0,28.0,0,0,-1,13.0,0,0,1,0,0,0,1,0,0,0,0,0,0,0,0,1
445,0,3,0,1.0,19.0,0,0,-1,8.1125,0,0,1,0,0,1,0,0,0,0,0,0,0,0,0,1
446,2,1,0,1.0,4.0,2,0,0,27.2861,0,0,1,1,0,0,0,0,1,0,0,0,0,0,0,0
447,1,2,0,1.0,13.0,2,0,1,9.75,0,0,1,0,1,0,0,0,0,0,0,0,0,0,0,1
448,0,1,0,1.0,34.0,0,0,-1,26.55,0,0,1,0,0,1,0,0,0,0,0,0,0,0,0,1
449,1,3,2,1.0,5.0,2,0,1,4.814575,1,0,0,0,1,0,0,0,0,0,0,0,0,0,0,1
450,0,1,0,1.0,52.0,0,0,-1,30.5,0,0,1,0,0,0,0,1,0,0,1,0,0,0,0,0
451,2,2,1,0.0,36.0,2,0,1,6.9375,0,0,1,0,0,1,0,0,0,0,0,0,0,0,0,1
452,0,3,1,0.0,26.0,2,0,0,9.98335,0,0,1,0,0,1,0,0,0,0,0,0,0,0,0,1
453,0,1,0,0.0,30.0,0,0,-1,27.75,1,0,0,0,0,1,0,0,0,0,1,0,0,0,0,0
454,0,1,1,1.0,49.0,2,0,1,44.5521,1,0,0,0,0,1,0,0,0,0,1,0,0,0,0,0
455,0,3,0,0.0,28.0,0,0,-1,8.05,0,0,1,0,0,1,0,0,0,0,0,0,0,0,0,1
456,0,3,0,1.0,29.0,0,0,-1,7.8958,1,0,0,0,0,1,0,0,0,0,0,0,0,0,0,1
457,0,1,0,0.0,65.0,0,0,-1,26.55,0,0,1,0,0,1,0,0,0,0,0,0,1,0,0,0
458,0,1,1,1.0,49.0,2,0,0,25.93125,0,0,1,0,0,0,1,0,0,0,0,1,0,0,0,0
459,0,2,0,1.0,50.0,0,0,-1,10.5,0,0,1,0,1,0,0,0,0,0,0,0,0,0,0,1
460,0,3,0,0.0,20.0,0,0,-1,7.75,0,1,0,0,0,1,0,0,0,0,0,0,0,0,0,1
461,0,1,0,1.0,48.0,0,0,-1,26.55,0,0,1,0,0,1,0,0,0,0,0,0,1,0,0,0
462,0,3,0,0.0,34.0,0,0,-1,8.05,0,0,1,0,0,1,0,0,0,0,0,0,0,0,0,1
463,0,1,0,0.0,47.0,0,0,-1,38.5,0,0,1,0,0,1,0,0,0,0,0,0,1,0,0,0
464,0,2,0,0.0,48.0,0,0,-1,13.0,0,0,1,0,0,1,0,0,0,0,0,0,0,0,0,1
465,0,3,0,0.0,22.0,0,0,-1,8.05,0,0,1,0,0,1,0,0,0,0,0,0,0,0,0,1
466,0,3,0,0.0,38.0,0,0,-1,7.05,0,0,1,0,0,1,0,0,0,0,0,0,0,0,0,1
467,0,2,0,0.0,29.0,1,0,0,12.5875,0,0,1,0,0,1,0,0,0,0,0,0,0,0,0,1
468,0,1,0,0.0,56.0,0,0,-1,26.55,0,0,1,0,0,1,0,0,0,0,0,0,0,0,0,1
469,0,3,0,0.0,20.0,0,0,-1,7.725,0,1,0,0,0,1,0,0,0,0,0,0,0,0,0,1
470,1,3,2,1.0,0.75,2,0,1,4.814575,1,0,0,0,1,0,0,0,0,0,0,0,0,0,0,1
471,0,3,0,0.0,21.0,0,0,-1,7.25,0,0,1,0,0,1,0,0,0,0,0,0,0,0,0,1
472,0,3,0,0.0,38.0,0,0,-1,8.6625,0,0,1,0,0,1,0,0,0,0,0,0,0,0,0,1
473,2,2,1,1.0,33.0,2,1,1,6.9375,0,0,1,0,0,0,1,0,0,0,0,0,0,0,0,1
474,0,2,0,1.0,23.0,0,0,-1,13.7917,1,0,0,0,0,0,1,0,0,0,0,1,0,0,0,0
475,0,3,0,0.0,22.0,0,0,-1,9.8375,0,0,1,0,1,0,0,0,0,0,0,0,0,0,0,1
476,0,1,0,0.0,36.0,1,0,0,26.0,0,0,1,0,0,1,0,0,1,0,0,0,0,0,0,0
477,0,2,1,0.0,34.0,2,0,0,10.5,0,0,1,0,0,1,0,0,0,0,0,0,0,0,0,1
478,0,3,1,0.0,29.0,2,0,0,7.0458,0,0,1,0,0,1,0,0,0,0,0,0,0,0,0,1
479,0,3,0,0.0,22.0,0,0,-1,7.5208,0,0,1,0,0,1,0,0,0,0,0,0,0,0,0,1
480,1,3,0,1.0,2.0,2,0,0,6.14375,0,0,1,0,1,0,0,0,0,0,0,0,0,0,0,1
481,2,3,5,0.0,9.0,3,0,0,5.8625,0,0,1,1,0,0,0,0,0,0,0,0,0,0,0,1
482,0,2,0,0.0,23.0,0,0,-1,12.5875,0,0,1,0,0,1,0,0,0,0,0,0,0,0,0,1
483,0,3,0,0.0,50.0,0,0,-1,8.05,0,0,1,0,0,1,0,0,0,0,0,0,0,0,0,1
484,0,3,0,1.0,63.0,0,0,-1,9.5875,0,0,1,0,0,0,1,0,0,0,0,0,0,0,0,1
485,0,1,1,1.0,25.0,2,0,1,45.5396,1,0,0,0,0,1,0,0,0,1,0,0,0,0,0,0
486,1,3,3,0.0,12.0,3,0,0,5.0933399999999995,0,0,1,0,1,0,0,0,0,0,0,0,0,0,0,1
487,0,1,1,1.0,35.0,2,0,1,45.0,0,0,1,0,0,0,1,0,0,0,1,0,0,0,0,0
488,0,1,0,0.0,58.0,0,0,-1,29.7,1,0,0,0,0,1,0,0,0,1,0,0,0,0,0,0
489,0,3,0,0.0,30.0,0,0,-1,8.05,0,0,1,0,0,1,0,0,0,0,0,0,0,0,0,1
490,1,3,1,1.0,9.0,2,0,1,5.3,0,0,1,1,0,0,0,0,0,0,0,0,0,0,0,1
491,0,3,1,0.0,19.0,2,0,0,9.98335,0,0,1,0,0,1,0,0,0,0,0,0,0,0,0,1
492,0,3,0,0.0,21.0,0,0,-1,7.25,0,0,1,0,0,1,0,0,0,0,0,0,0,0,0,1
493,0,1,0,0.0,55.0,0,0,-1,30.5,0,0,1,0,0,1,0,0,0,0,1,0,0,0,0,0
494,0,1,0,0.0,71.0,0,0,-1,49.5042,1,0,0,0,0,1,0,0,0,0,0,0,0,0,0,1
495,0,3,0,0.0,21.0,0,0,-1,8.05,0,0,1,0,0,1,0,0,0,0,0,0,0,0,0,1
496,0,3,0,0.0,25.0,1,0,0,7.22915,1,0,0,0,0,1,0,0,0,0,0,0,0,0,0,1
497,0,1,1,1.0,54.0,2,0,0,39.13335,1,0,0,0,1,0,0,0,0,0,0,1,0,0,0,0
498,0,3,0,0.0,21.0,1,0,0,7.55,0,0,1,0,0,1,0,0,0,0,0,0,0,0,0,1
499,2,1,1,0.0,25.0,2,1,1,25.258333333333336,0,0,1,0,0,0,1,0,0,0,1,0,0,0,0,0
500,0,3,0,0.0,24.0,0,0,-1,7.7958,0,0,1,0,0,1,0,0,0,0,0,0,0,0,0,1
501,0,3,0,0.0,17.0,0,0,-1,8.6625,0,0,1,0,0,1,0,0,0,0,0,0,0,0,0,1
502,0,3,0,0.0,21.0,0,0,-1,7.75,0,1,0,0,1,0,0,0,0,0,0,0,0,0,0,1
503,0,3,0,0.0,24.0,0,0,-1,7.6292,0,1,0,0,1,0,0,0,0,0,0,0,0,0,0,1
504,0,3,0,0.0,37.0,0,0,-1,9.5875,0,0,1,0,1,0,0,0,0,0,0,0,0,0,0,1
505,0,1,0,1.0,16.0,1,0,1,28.833333333333332,0,0,1,0,1,0,0,0,0,1,0,0,0,0,0,0
506,0,1,1,0.0,18.0,2,0,1,36.300000000000004,1,0,0,0,0,1,0,0,0,0,1,0,0,0,0,0
507,2,2,0,1.0,33.0,2,1,1,8.666666666666666,0,0,1,0,0,0,1,0,0,0,0,0,0,0,0,1
508,0,1,0,1.0,36.0,0,0,-1,26.55,0,0,1,0,0,1,0,0,0,0,0,0,0,0,0,1
509,0,3,0,0.0,28.0,1,0,0,7.508333333333333,0,0,1,0,0,1,0,0,0,0,0,0,0,0,0,1
510,0,3,0,1.0,26.0,1,0,1,7.061975,0,0,1,0,0,1,0,0,0,0,0,0,0,0,0,1
511,0,3,0,1.0,29.0,0,0,-1,7.75,0,1,0,0,0,1,0,0,0,0,0,0,0,0,0,1
512,0,3,0,0.0,19.0,0,0,-1,8.05,0,0,1,0,0,1,0,0,0,0,0,0,0,0,0,1
513,0,1,0,1.0,36.0,0,0,-1,26.2875,0,0,1,0,0,1,0,0,0,0,0,0,1,0,0,0
514,0,1,1,1.0,54.0,2,0,0,29.7,1,0,0,0,0,0,1,0,0,0,0,0,0,0,0,1
515,0,3,0,0.0,24.0,0,0,-1,7.4958,0,0,1,0,0,1,0,0,0,0,0,0,0,0,0,1
516,0,1,0,0.0,47.0,0,0,-1,34.0208,0,0,1,0,0,1,0,0,0,0,0,1,0,0,0,0
517,0,2,0,1.0,34.0,0,0,-1,10.5,0,0,1,0,0,0,1,0,0,0,0,0,0,1,0,0
518,0,3,0,0.0,26.0,1,0,1,8.049999999999999,0,1,0,0,0,1,0,0,0,0,0,0,0,0,0,1
519,0,2,1,1.0,36.0,2,0,0,13.0,0,0,1,0,0,0,1,0,0,0,0,0,0,0,0,1
520,0,3,0,0.0,32.0,0,0,-1,7.8958,0,0,1,0,0,1,0,0,0,0,0,0,0,0,0,1
521,0,1,0,1.0,30.0,1,0,1,23.375,0,0,1,0,1,0,0,0,0,1,0,0,0,0,0,0
522,0,3,0,0.0,22.0,0,0,-1,7.8958,0,0,1,0,0,1,0,0,0,0,0,0,0,0,0,1
523,0,3,0,0.0,27.0,0,0,-1,7.225,1,0,0,0,0,1,0,0,0,0,0,0,0,0,0,1
524,1,1,0,1.0,44.0,2,1,1,28.9896,1,0,0,0,0,0,1,0,0,1,0,0,0,0,0,0
525,0,3,0,0.0,30.0,0,0,-1,7.2292,1,0,0,0,0,1,0,0,0,0,0,0,0,0,0,1
526,0,3,0,0.0,40.5,0,0,-1,7.75,0,1,0,0,0,1,0,0,0,0,0,0,0,0,0,1
527,0,2,0,1.0,50.0,0,0,-1,10.5,0,0,1,0,1,0,0,0,0,0,0,0,0,0,0,1
528,0,1,0,0.0,28.0,1,0,0,55.4448,0,0,1,0,0,1,0,0,0,0,1,0,0,0,0,0
529,0,3,0,0.0,39.0,0,0,-1,7.925,0,0,1,0,0,1,0,0,0,0,0,0,0,0,0,1
530,1,2,2,0.0,23.0,2,0,0,11.5,0,0,1,0,0,1,0,0,0,0,0,0,0,0,0,1
531,1,2,1,1.0,2.0,2,0,1,8.666666666666666,0,0,1,0,1,0,0,0,0,0,0,0,0,0,0,1
532,0,3,0,0.0,31.0,0,0,-1,7.2292,1,0,0,0,0,1,0,0,0,0,0,0,0,0,0,1
533,1,3,1,0.0,17.0,2,0,0,7.2292,1,0,0,0,0,1,0,0,0,0,0,0,0,0,0,1
534,2,3,0,1.0,33.0,2,1,1,7.452766666666666,1,0,0,0,0,0,1,0,0,0,0,0,0,1,0,0
535,0,3,0,0.0,30.0,0,0,-1,8.6625,0,0,1,0,1,0,0,0,0,0,0,0,0,0,0,1
536,2,2,0,1.0,7.0,2,0,1,8.75,0,0,1,0,1,0,0,0,0,0,0,0,0,0,0,1
537,0,1,0,0.0,45.0,0,0,-1,26.55,0,0,1,0,0,0,0,1,0,1,0,0,0,0,0,0
538,0,1,0,1.0,30.0,1,0,0,35.475,1,0,0,0,1,0,0,0,0,0,1,0,0,0,0,0
539,0,3,0,0.0,26.0,1,0,0,7.25,0,0,1,0,0,1,0,0,0,0,0,0,0,0,0,1
540,2,1,0,1.0,22.0,2,0,0,49.5,1,0,0,0,1,0,0,0,0,1,0,0,0,0,0,0
541,2,1,0,1.0,36.0,2,0,0,35.5,0,0,1,0,1,0,0,0,0,1,0,0,0,0,0,0
542,2,3,4,0.0,9.0,3,0,1,4.4678571428571425,0,0,1,0,1,0,0,0,0,0,0,0,0,0,0,1
543,2,3,4,0.0,11.0,3,0,1,4.4678571428571425,0,0,1,0,1,0,0,0,0,0,0,0,0,0,0,1
544,0,2,1,1.0,32.0,2,0,1,13.0,0,0,1,0,0,1,0,0,0,0,0,0,0,0,0,1
545,0,1,1,0.0,50.0,2,0,0,35.475,1,0,0,0,0,1,0,0,0,0,1,0,0,0,0,0
546,0,1,0,0.0,64.0,0,0,-1,26.0,0,0,1,0,0,1,0,0,0,0,0,0,0,0,0,1
547,0,2,1,1.0,19.0,2,0,1,13.0,0,0,1,0,0,0,1,0,0,0,0,0,0,0,0,1
548,0,2,0,1.0,29.0,0,0,-1,13.8625,1,0,0,0,0,1,0,0,0,0,0,0,0,0,0,1
549,1,3,1,0.0,33.0,2,0,1,6.841666666666666,0,0,1,0,0,1,0,0,0,0,0,0,0,0,0,1
550,1,2,1,1.0,8.0,2,0,0,9.1875,0,0,1,1,0,0,0,0,0,0,0,0,0,0,0,1
551,2,1,0,1.0,17.0,2,0,1,27.720825,1,0,0,0,0,1,0,0,0,0,1,0,0,0,0,0
552,0,2,0,0.0,27.0,1,0,0,13.0,0,0,1,0,0,1,0,0,0,0,0,0,0,0,0,1
553,0,3,0,0.0,30.0,0,0,-1,7.8292,0,1,0,0,0,1,0,0,0,0,0,0,0,0,0,1
554,0,3,0,1.0,22.0,0,0,-1,7.225,1,0,0,0,0,1,0,0,0,0,0,0,0,0,0,1
555,0,3,0,1.0,22.0,0,0,-1,7.775,0,0,1,0,1,0,0,0,0,0,0,0,0,0,0,1
556,0,1,0,0.0,62.0,0,0,-1,26.55,0,0,1,0,0,1,0,0,0,0,0,0,0,0,0,1
557,0,1,1,1.0,48.0,2,0,1,39.6,1,0,0,0,0,0,1,0,1,0,0,0,0,0,0,0
558,0,1,0,0.0,48.0,1,0,1,45.505,1,0,0,0,0,1,0,0,0,0,1,0,0,0,0,0
559,1,1,1,1.0,39.0,2,1,1,26.55,0,0,1,0,0,0,1,0,0,0,0,0,1,0,0,0
560,0,3,1,1.0,36.0,2,0,0,8.7,0,0,1,0,0,0,1,0,0,0,0,0,0,0,0,1
561,0,3,0,0.0,19.0,0,0,-1,7.75,0,1,0,0,0,1,0,0,0,0,0,0,0,0,0,1
562,0,3,0,0.0,40.0,0,0,-1,7.8958,0,0,1,0,0,1,0,0,0,0,0,0,0,0,0,1
563,0,2,0,0.0,28.0,0,0,-1,13.5,0,0,1,0,0,1,0,0,0,0,0,0,0,0,0,1
564,0,3,0,0.0,23.0,0,0,-1,8.05,0,0,1,0,0,1,0,0,0,0,0,0,0,0,0,1
565,0,3,0,0.0,21.0,0,0,-1,8.05,0,0,1,0,1,0,0,0,0,0,0,0,0,0,0,1
566,0,3,2,0.0,24.0,2,0,1,8.049999999999999,0,0,1,0,0,1,0,0,0,0,0,0,0,0,0,1
567,0,3,0,0.0,19.0,0,0,-1,7.8958,0,0,1,0,0,1,0,0,0,0,0,0,0,0,0,1
568,4,3,0,0.0,29.0,3,1,0,4.215,0,0,1,0,0,0,1,0,0,0,0,0,0,0,0,1
569,0,3,0,0.0,27.0,0,0,-1,7.2292,1,0,0,0,0,1,0,0,0,0,0,0,0,0,0,1
570,0,3,0,1.0,32.0,0,0,-1,7.8542,0,0,1,0,0,1,0,0,0,0,0,0,0,0,0,1
571,0,2,0,1.0,62.0,0,0,-1,10.5,0,0,1,0,0,1,0,0,0,0,0,0,0,0,0,1
572,0,1,2,1.0,53.0,2,0,0,25.7396,0,0,1,0,0,0,1,0,0,0,1,0,0,0,0,0
573,0,1,0,1.0,36.0,0,0,-1,26.3875,0,0,1,0,0,1,0,0,0,0,0,0,1,0,0,0
574,0,3,0,1.0,8.0,0,0,-1,7.75,0,1,0,0,1,0,0,0,0,0,0,0,0,0,0,1
575,0,3,0,0.0,16.0,0,0,-1,8.05,0,0,1,0,0,1,0,0,0,0,0,0,0,0,0,1
576,0,3,0,0.0,19.0,1,0,0,7.25,0,0,1,0,0,1,0,0,0,0,0,0,0,0,0,1
577,0,2,0,1.0,34.0,0,0,-1,13.0,0,0,1,0,1,0,0,0,0,0,0,0,0,0,0,1
578,0,1,1,1.0,39.0,2,0,0,27.95,0,0,1,0,0,0,1,0,0,0,0,0,1,0,0,0
579,0,3,1,0.0,34.0,2,0,0,7.22915,1,0,0,0,0,0,1,0,0,0,0,0,0,0,0,1
580,0,3,0,1.0,32.0,0,0,-1,7.925,0,0,1,0,0,1,0,0,0,0,0,0,0,0,0,1
581,1,2,1,1.0,25.0,2,0,0,15.0,0,0,1,0,1,0,0,0,0,0,0,0,0,0,0,1
582,1,1,1,1.0,39.0,2,1,1,27.720825,1,0,0,0,0,0,1,0,0,0,1,0,0,0,0,0
583,0,2,0,0.0,54.0,1,0,0,13.0,0,0,1,0,0,1,0,0,0,0,0,0,0,0,0,1
584,0,1,0,0.0,36.0,0,0,-1,40.125,1,0,0,0,0,1,0,0,1,0,0,0,0,0,0,0
585,0,3,0,0.0,32.0,0,0,-1,8.7125,1,0,0,0,0,1,0,0,0,0,0,0,0,0,0,1
586,2,1,0,1.0,18.0,2,0,1,26.55,0,0,1,0,1,0,0,0,0,0,0,0,1,0,0,0
587,0,2,0,0.0,47.0,0,0,-1,15.0,0,0,1,0,0,1,0,0,0,0,0,0,0,0,0,1
588,1,1,1,1.0,60.0,2,0,0,39.6,1,0,0,0,0,1,0,0,0,1,0,0,0,0,0,0
589,0,3,0,0.0,22.0,0,0,-1,8.05,0,0,1,0,0,1,0,0,0,0,0,0,0,0,0,1
590,0,3,0,0.0,24.0,0,0,-1,8.05,0,0,1,0,0,1,0,0,0,0,0,0,0,0,0,1
591,0,3,0,0.0,35.0,0,0,-1,7.125,0,0,1,0,0,1,0,0,0,0,0,0,0,0,0,1
592,0,1,1,1.0,52.0,2,0,0,39.13335,1,0,0,0,0,0,1,0,0,0,0,1,0,0,0,0
593,0,3,0,0.0,47.0,0,0,-1,7.25,0,0,1,0,0,1,0,0,0,0,0,0,0,0,0,1
594,2,3,0,0.0,8.0,2,0,0,7.75,0,1,0,0,1,0,0,0,0,0,0,0,0,0,0,1
595,0,2,1,0.0,37.0,2,0,0,13.0,0,0,1,0,0,1,0,0,0,0,0,0,0,0,0,1
596,1,3,1,0.0,36.0,2,0,0,8.049999999999999,0,0,1,0,0,1,0,0,0,0,0,0,0,0,0,1
597,0,2,0,1.0,31.0,1,0,1,11.0,0,0,1,0,1,0,0,0,0,0,0,0,0,0,0,1
598,0,3,0,0.0,49.0,1,0,1,7.85,0,0,1,0,0,1,0,0,0,0,0,0,0,0,0,1
599,0,3,0,0.0,33.0,0,0,-1,7.225,1,0,0,0,0,1,0,0,0,0,0,0,0,0,0,1
600,0,1,1,1.0,49.0,2,0,1,28.4646,1,0,0,0,0,1,0,0,1,0,0,0,0,0,0,0
601,1,2,2,1.0,24.0,2,1,0,13.5,0,0,1,0,0,0,1,0,0,0,0,0,0,0,0,1
602,0,3,0,0.0,26.0,0,0,-1,7.8958,0,0,1,0,0,1,0,0,0,0,0,0,0,0,0,1
603,0,1,0,0.0,28.0,1,0,0,21.2,0,0,1,0,0,1,0,0,0,0,0,0,0,0,0,1
604,0,3,0,0.0,44.0,0,0,-1,8.05,0,0,1,0,0,1,0,0,0,0,0,0,0,0,0,1
605,0,1,0,1.0,35.0,0,0,-1,26.55,1,0,0,0,0,1,0,0,0,0,0,0,0,0,0,1
606,0,3,1,0.0,36.0,2,0,0,7.775,0,0,1,0,0,1,0,0,0,0,0,0,0,0,0,1
607,0,3,0,0.0,30.0,0,0,-1,7.8958,0,0,1,0,0,1,0,0,0,0,0,0,0,0,0,1
608,0,1,0,1.0,27.0,0,0,-1,30.5,0,0,1,0,0,1,0,0,0,0,0,0,0,0,0,1
609,2,2,1,1.0,22.0,2,1,1,10.3948,1,0,0,0,0,0,1,0,0,0,0,0,0,0,0,1
610,0,1,0,1.0,40.0,1,0,1,51.15416666666667,0,0,1,0,1,0,0,0,0,0,1,0,0,0,0,0
611,5,3,1,0.0,39.0,3,1,1,4.4678571428571425,0,0,1,0,0,0,1,0,0,0,0,0,0,0,0,1
612,0,3,0,0.0,26.0,0,0,-1,7.05,0,0,1,0,0,1,0,0,0,0,0,0,0,0,0,1
613,0,3,1,1.0,24.0,2,0,1,7.75,0,1,0,0,1,0,0,0,0,0,0,0,0,0,0,1
614,0,3,0,0.0,23.0,0,0,-1,7.75,0,1,0,0,0,1,0,0,0,0,0,0,0,0,0,1
615,0,3,0,0.0,35.0,0,0,-1,8.05,0,0,1,0,0,1,0,0,0,0,0,0,0,0,0,1
616,2,2,1,1.0,24.0,2,0,1,13.0,0,0,1,0,1,0,0,0,0,0,0,0,0,0,0,1
617,1,3,1,0.0,34.0,2,0,0,4.8,0,0,1,0,0,1,0,0,0,0,0,0,0,0,0,1
618,0,3,1,0.0,26.0,2,0,0,8.05,0,0,1,0,0,0,1,0,0,0,0,0,0,0,0,1
619,1,2,2,1.0,4.0,2,0,1,9.75,0,0,1,0,1,0,0,0,0,0,0,0,0,1,0,0
620,0,2,0,0.0,26.0,0,0,-1,10.5,0,0,1,0,0,1,0,0,0,0,0,0,0,0,0,1
621,0,3,1,0.0,27.0,2,0,1,7.2271,1,0,0,0,0,1,0,0,0,0,0,0,0,0,0,1
622,0,1,1,1.0,42.0,2,0,0,26.2771,0,0,1,0,0,1,0,0,0,0,0,1,0,0,0,0
623,1,3,1,1.0,20.0,2,0,1,5.247233333333333,1,0,0,0,0,1,0,0,0,0,0,0,0,0,0,1
624,0,3,0,0.0,21.0,0,0,-1,7.8542,0,0,1,0,0,1,0,0,0,0,0,0,0,0,0,1
625,0,3,0,0.0,21.0,1,0,0,8.05,0,0,1,0,0,1,0,0,0,0,0,0,0,0,0,1
626,0,1,0,0.0,61.0,0,0,-1,32.3208,0,0,1,0,0,1,0,0,0,0,0,1,0,0,0,0
627,0,2,0,0.0,57.0,0,0,-1,12.35,0,1,0,0,0,0,0,1,0,0,0,0,0,0,0,1
628,0,1,0,1.0,21.0,1,0,1,25.986099999999997,0,0,1,0,1,0,0,0,0,0,0,1,0,0,0,0
629,0,3,0,0.0,26.0,0,0,-1,7.8958,0,0,1,0,0,1,0,0,0,0,0,0,0,0,0,1
630,0,3,0,0.0,35.0,0,0,-1,7.7333,0,1,0,0,0,1,0,0,0,0,0,0,0,0,0,1
631,0,1,0,1.0,80.0,0,0,-1,30.0,0,0,1,0,0,1,0,0,1,0,0,0,0,0,0,0
632,0,3,0,0.0,51.0,0,0,-1,7.0542,0,0,1,0,0,1,0,0,0,0,0,0,0,0,0,1
633,0,1,0,1.0,32.0,0,0,-1,30.5,1,0,0,0,0,0,0,1,0,1,0,0,0,0,0,0
634,0,1,0,0.0,29.0,0,0,-1,26.55,0,0,1,0,0,1,0,0,0,0,0,0,0,0,0,1
635,2,3,3,0.0,9.0,3,0,0,4.6499999999999995,0,0,1,0,1,0,0,0,0,0,0,0,0,0,0,1
636,0,2,0,1.0,28.0,0,0,-1,13.0,0,0,1,0,1,0,0,0,0,0,0,0,0,0,0,1
637,0,3,0,0.0,32.0,0,0,-1,7.925,0,0,1,0,0,1,0,0,0,0,0,0,0,0,0,1
638,1,2,1,0.0,31.0,2,0,1,8.75,0,0,1,0,0,1,0,0,0,0,0,0,0,0,0,1
639,5,3,0,0.0,41.0,3,1,0,5.669642857142857,0,0,1,0,0,0,1,0,0,0,0,0,0,0,0,1
640,0,3,1,0.0,30.0,2,0,1,8.05,0,0,1,0,0,1,0,0,0,0,0,0,0,0,0,1
641,0,3,0,0.0,20.0,0,0,-1,7.8542,0,0,1,0,0,1,0,0,0,0,0,0,0,0,0,1
642,0,1,0,1.0,24.0,1,0,1,34.65,1,0,0,0,1,0,0,0,0,1,0,0,0,0,0,0
643,2,3,3,0.0,2.0,3,0,0,4.6499999999999995,0,0,1,0,1,0,0,0,0,0,0,0,0,0,0,1
644,0,3,0,1.0,25.0,1,0,1,7.061975,0,0,1,0,0,1,0,0,0,0,0,0,0,0,0,1
645,1,3,2,1.0,0.75,2,0,1,4.814575,1,0,0,0,1,0,0,0,0,0,0,0,0,0,0,1
646,0,1,1,1.0,48.0,2,0,1,25.576400000000003,1,0,0,0,0,1,0,0,0,0,0,1,0,0,0,0
647,0,3,0,0.0,19.0,0,0,-1,7.8958,0,0,1,0,0,1,0,0,0,0,0,0,0,0,0,1
648,0,1,0,1.0,56.0,0,0,-1,35.5,1,0,0,0,0,0,0,1,1,0,0,0,0,0,0,0
649,0,3,0,0.0,32.0,0,0,-1,7.55,0,0,1,0,0,1,0,0,0,0,0,0,0,0,0,1
650,0,3,0,1.0,23.0,0,0,-1,7.55,0,0,1,0,1,0,0,0,0,0,0,0,0,0,0,1
651,0,3,0,0.0,23.0,0,0,-1,7.8958,0,0,1,0,0,1,0,0,0,0,0,0,0,0,0,1
652,1,2,0,1.0,18.0,2,0,1,11.5,0,0,1,0,1,0,0,0,0,0,0,0,0,0,0,1
653,0,3,0,0.0,21.0,0,0,-1,8.4333,0,0,1,0,0,1,0,0,0,0,0,0,0,0,0,1
654,0,3,0,1.0,15.0,0,0,-1,7.8292,0,1,0,0,1,0,0,0,0,0,0,0,0,0,0,1
655,0,3,0,0.0,18.0,0,0,-1,6.75,0,1,0,0,1,0,0,0,0,0,0,0,0,0,0,1
656,0,2,2,0.0,24.0,2,0,0,10.5,0,0,1,0,0,1,0,0,0,0,0,0,0,0,0,1
657,0,3,0,0.0,22.0,0,0,-1,7.8958,0,0,1,0,0,1,0,0,0,0,0,0,0,0,0,1
658,1,3,1,0.0,32.0,2,1,0,7.75,0,1,0,0,0,0,1,0,0,0,0,0,0,0,0,1
659,0,2,0,0.0,23.0,0,0,-1,13.0,0,0,1,0,0,1,0,0,0,0,0,0,0,0,0,1
660,2,1,0,0.0,58.0,2,0,0,37.75833333333333,1,0,0,0,0,1,0,0,0,0,0,1,0,0,0,0
661,0,1,2,1.0,50.0,2,0,0,66.825,0,0,1,0,0,0,0,1,0,0,0,1,0,0,0,0
662,0,3,0,0.0,40.0,0,0,-1,7.225,1,0,0,0,0,1,0,0,0,0,0,0,0,0,0,1
663,0,1,0,0.0,47.0,0,0,-1,25.5875,0,0,1,0,0,1,0,0,0,0,0,0,1,0,0,0
664,0,3,0,0.0,36.0,0,0,-1,7.4958,0,0,1,0,0,1,0,0,0,0,0,0,0,0,0,1
665,0,3,1,1.0,20.0,2,0,0,7.925,0,0,1,0,0,1,0,0,0,0,0,0,0,0,0,1
666,0,2,2,0.0,32.0,2,0,0,10.5,0,0,1,0,0,1,0,0,0,0,0,0,0,0,0,1
667,0,2,0,0.0,25.0,0,0,-1,13.0,0,0,1,0,0,1,0,0,0,0,0,0,0,0,0,1
668,0,3,0,0.0,26.0,0,0,-1,7.775,0,0,1,0,0,1,0,0,0,0,0,0,0,0,0,1
669,0,3,0,0.0,43.0,0,0,-1,8.05,0,0,1,0,0,1,0,0,0,0,0,0,0,0,0,1
670,0,1,1,1.0,34.0,2,0,1,26.0,0,0,1,0,0,0,1,0,0,0,1,0,0,0,0,0
671,1,2,1,1.0,40.0,2,1,0,13.0,0,0,1,0,0,0,1,0,0,0,0,0,0,1,0,0
672,0,1,1,0.0,31.0,2,0,0,26.0,0,0,1,0,0,1,0,0,0,1,0,0,0,0,0,0
673,0,2,0,0.0,70.0,0,0,-1,10.5,0,0,1,0,0,1,0,0,0,0,0,0,0,0,0,1
674,0,2,0,1.0,31.0,0,0,-1,13.0,0,0,1,0,0,1,0,0,0,0,0,0,0,0,0,1
675,0,2,0,0.0,20.0,0,0,-1,12.5875,0,0,1,0,0,1,0,0,0,0,0,0,0,0,0,1
676,0,3,0,0.0,18.0,0,0,-1,7.775,0,0,1,0,0,1,0,0,0,0,0,0,0,0,0,1
677,0,3,0,0.0,24.5,0,0,-1,8.05,0,0,1,0,0,1,0,0,0,0,0,0,0,0,0,1
678,0,3,0,1.0,18.0,0,0,-1,9.8417,0,0,1,0,1,0,0,0,0,0,0,0,0,0,0,1
679,6,3,1,0.0,43.0,3,1,0,5.8625,0,0,1,0,0,0,1,0,0,0,0,0,0,0,0,1
680,1,1,0,1.0,36.0,2,0,0,128.0823,1,0,0,0,0,1,0,0,0,1,0,0,0,0,0,0
681,0,3,0,0.0,7.0,0,0,-1,8.1375,0,1,0,0,1,0,0,0,0,0,0,0,0,0,0,1
682,0,1,0,1.0,27.0,1,0,1,25.576400000000003,1,0,0,0,0,1,0,0,0,0,0,1,0,0,0,0
683,0,3,0,0.0,20.0,0,0,-1,9.225,0,0,1,0,0,1,0,0,0,0,0,0,0,0,0,1
684,2,3,5,0.0,14.0,3,0,0,5.8625,0,0,1,1,0,0,0,0,0,0,0,0,0,0,0,1
685,1,2,1,0.0,60.0,2,0,1,13.0,0,0,1,0,0,1,0,0,0,0,0,0,0,1,0,0
686,2,2,1,0.0,25.0,2,0,1,10.3948,1,0,0,0,0,1,0,0,0,0,0,0,0,0,0,1
687,1,3,4,0.0,14.0,3,0,0,5.669642857142857,0,0,1,1,0,0,0,0,0,0,0,0,0,0,0,1
688,0,3,0,0.0,19.0,0,0,-1,10.1708,0,0,1,0,0,1,0,0,0,0,0,0,0,0,0,1
689,0,3,0,0.0,18.0,0,0,-1,7.7958,0,0,1,0,0,1,0,0,0,0,0,0,0,0,0,1
690,1,1,0,1.0,15.0,2,0,0,52.834375,0,0,1,0,1,0,0,0,0,1,0,0,0,0,0,0
691,0,1,1,1.0,31.0,2,0,1,28.5,0,0,1,0,0,1,0,0,0,1,0,0,0,0,0,0
692,1,3,0,1.0,4.0,2,0,0,6.70835,1,0,0,0,1,0,0,0,0,0,0,0,0,0,0,1
693,0,3,0,1.0,28.0,1,0,1,7.061975,0,0,1,0,0,1,0,0,0,0,0,0,0,0,0,1
694,0,3,0,0.0,25.0,0,0,-1,7.225,1,0,0,0,0,1,0,0,0,0,0,0,0,0,0,1
695,0,1,0,0.0,60.0,0,0,-1,26.55,0,0,1,0,0,0,0,1,0,0,0,0,0,0,0,1
696,0,2,0,0.0,52.0,0,0,-1,13.5,0,0,1,0,0,1,0,0,0,0,0,0,0,0,0,1
697,0,3,0,0.0,44.0,0,0,-1,8.05,0,0,1,0,0,1,0,0,0,0,0,0,0,0,0,1
698,0,3,0,1.0,14.0,0,0,-1,7.7333,0,1,0,0,1,0,0,0,0,0,0,0,0,0,0,1
699,1,1,1,0.0,49.0,2,0,1,27.720825,1,0,0,0,0,1,0,0,0,0,1,0,0,0,0,0
700,0,3,0,0.0,42.0,0,0,-1,7.65,0,0,1,0,0,1,0,0,0,0,0,0,0,1,0,0
701,0,1,1,1.0,18.0,2,0,0,45.505,1,0,0,0,0,0,1,0,0,0,1,0,0,0,0,0
702,0,1,0,1.0,35.0,0,0,-1,26.2875,0,0,1,0,0,1,0,0,0,0,0,0,1,0,0,0
703,1,3,0,0.0,18.0,2,0,0,7.2271,1,0,0,0,1,0,0,0,0,0,0,0,0,0,0,1
704,0,3,0,0.0,25.0,0,0,-1,7.7417,0,1,0,0,0,1,0,0,0,0,0,0,0,0,0,1
705,0,3,1,0.0,26.0,2,0,0,7.8542,0,0,1,0,0,1,0,0,0,0,0,0,0,0,0,1
706,0,2,0,0.0,39.0,1,0,1,13.0,0,0,1,0,0,1,0,0,0,0,0,0,0,0,0,1
707,0,2,0,1.0,45.0,0,0,-1,13.5,0,0,1,0,0,0,1,0,0,0,0,0,0,0,0,1
708,0,1,0,1.0,42.0,0,0,-1,26.2875,0,0,1,0,0,1,0,0,0,0,0,0,1,0,0,0
709,0,1,0,1.0,22.0,1,0,1,25.258333333333336,0,0,1,0,1,0,0,0,0,0,1,0,0,0,0,0
710,1,3,1,1.0,6.0,2,0,1,5.081933333333333,1,0,0,1,0,0,0,0,0,0,0,0,0,0,0,1
711,0,1,0,1.0,24.0,0,0,-1,49.5042,1,0,0,0,1,0,0,0,0,0,1,0,0,0,0,0
712,0,1,0,0.0,29.0,0,0,-1,26.55,0,0,1,0,0,1,0,0,0,0,1,0,0,0,0,0
713,0,1,1,1.0,48.0,2,0,1,26.0,0,0,1,0,0,1,0,0,0,0,1,0,0,0,0,0
714,0,3,0,0.0,29.0,0,0,-1,9.4833,0,0,1,0,0,1,0,0,0,0,0,0,0,0,0,1
715,0,2,0,0.0,52.0,1,0,0,6.5,0,0,1,0,0,1,0,0,0,0,0,0,0,0,0,1
716,0,3,0,0.0,19.0,0,0,-1,7.65,0,0,1,0,0,1,0,0,0,0,0,0,0,1,0,0
717,0,1,0,1.0,38.0,1,0,1,45.505,1,0,0,0,1,0,0,0,0,0,1,0,0,0,0,0
718,0,2,0,1.0,27.0,0,0,-1,10.5,0,0,1,0,1,0,0,0,0,0,0,0,1,0,0,0
719,0,3,0,0.0,20.0,1,0,0,7.75,0,1,0,0,0,1,0,0,0,0,0,0,0,0,0,1
720,0,3,0,0.0,33.0,0,0,-1,7.775,0,0,1,0,0,1,0,0,0,0,0,0,0,0,0,1
721,1,2,0,1.0,6.0,2,0,1,11.0,0,0,1,0,1,0,0,0,0,0,0,1,0,0,0,0
722,0,3,1,0.0,17.0,2,0,0,7.0542,0,0,1,0,0,1,0,0,0,0,0,0,0,0,0,1
723,0,2,0,0.0,34.0,0,0,-1,13.0,0,0,1,0,0,1,0,0,0,0,0,0,0,0,0,1
724,0,2,0,0.0,50.0,0,0,-1,13.0,0,0,1,0,0,1,0,0,0,0,0,0,0,0,0,1
725,0,1,1,1.0,27.0,2,0,1,26.55,0,0,1,0,0,1,0,0,0,0,0,0,1,0,0,0
726,0,3,0,0.0,20.0,0,0,-1,8.6625,0,0,1,0,0,1,0,0,0,0,0,0,0,0,0,1
727,0,2,3,1.0,30.0,2,0,0,10.5,0,0,1,0,0,0,1,0,0,0,0,0,0,0,0,1
728,0,3,0,1.0,13.0,0,0,-1,7.7375,0,1,0,0,1,0,0,0,0,0,0,0,0,0,0,1
729,0,2,1,0.0,25.0,2,0,0,13.0,0,0,1,0,0,1,0,0,0,0,0,0,0,0,0,1
730,0,3,1,0.0,25.0,2,0,0,7.925,0,0,1,0,1,0,0,0,0,0,0,0,0,0,0,1
731,0,1,0,1.0,29.0,1,0,1,52.834375,0,0,1,0,1,0,0,0,0,1,0,0,0,0,0,0
732,0,3,0,0.0,11.0,1,0,1,9.39375,1,0,0,1,0,0,0,0,0,0,0,0,0,0,0,1
733,0,2,0,0.0,31.0,0,0,-1,12.5875,0,0,1,0,0,1,0,0,0,0,0,0,0,0,0,1
734,0,2,0,0.0,23.0,0,0,-1,13.0,0,0,1,0,0,1,0,0,0,0,0,0,0,0,0,1
735,0,2,0,0.0,23.0,0,0,-1,13.0,0,0,1,0,0,1,0,0,0,0,0,0,0,0,0,1
736,0,3,0,0.0,28.5,1,0,0,8.05,0,0,1,0,0,1,0,0,0,0,0,0,0,0,0,1
737,3,3,1,0.0,48.0,3,1,0,6.875,0,0,1,0,0,0,1,0,0,0,0,0,0,0,0,1
738,0,1,0,1.0,35.0,1,0,1,128.0823,1,0,0,0,0,1,0,0,0,1,0,0,0,0,0,0
739,0,3,0,0.0,28.0,0,0,-1,7.8958,0,0,1,0,0,1,0,0,0,0,0,0,0,0,0,1
740,0,3,0,0.0,26.0,0,0,-1,7.8958,0,0,1,0,0,1,0,0,0,0,0,0,0,0,0,1
741,0,1,0,1.0,36.0,0,0,-1,30.0,0,0,1,0,0,1,0,0,0,0,0,1,0,0,0,0
742,0,1,1,0.0,36.0,2,0,0,26.28333333333333,0,0,1,0,0,1,0,0,0,0,1,0,0,0,0,0
743,2,1,2,1.0,21.0,3,0,1,37.482142857142854,1,0,0,0,1,0,0,0,0,1,0,0,0,0,0,0
744,0,3,1,0.0,24.0,2,0,0,8.05,0,0,1,0,0,1,0,0,0,0,0,0,0,0,0,1
745,0,3,0,1.0,31.0,0,0,-1,7.925,0,0,1,0,0,1,0,0,0,0,0,0,0,0,0,1
746,1,1,1,0.0,70.0,2,0,1,35.5,0,0,1,0,0,0,0,1,0,1,0,0,0,0,0,0
747,1,3,1,0.0,16.0,2,0,1,6.75,0,0,1,0,0,1,0,0,0,0,0,0,0,0,0,1
748,0,2,0,1.0,30.0,0,0,-1,13.0,0,0,1,0,1,0,0,0,0,0,0,0,0,0,0,1
749,0,1,1,0.0,19.0,2,0,0,26.55,0,0,1,0,0,1,0,0,0,0,0,1,0,0,0,0
750,0,3,0,0.0,31.0,0,0,-1,7.75,0,1,0,0,0,1,0,0,0,0,0,0,0,0,0,1
751,1,2,1,1.0,4.0,2,0,0,7.666666666666667,0,0,1,0,1,0,0,0,0,0,0,0,0,0,0,1
752,1,3,0,1.0,6.0,2,0,1,6.2375,0,0,1,1,0,0,0,0,0,0,0,0,1,0,0,0
753,0,3,0,0.0,33.0,0,0,-1,9.5,0,0,1,0,0,1,0,0,0,0,0,0,0,0,0,1
754,0,3,0,0.0,23.0,0,0,-1,7.8958,0,0,1,0,0,1,0,0,0,0,0,0,0,0,0,1
755,2,2,1,1.0,48.0,2,1,1,13.0,0,0,1,0,0,0,1,0,0,0,0,0,0,0,0,1
756,1,2,1,1.0,0.67,2,0,1,7.25,0,0,1,1,0,0,0,0,0,0,0,0,0,0,0,1
757,0,3,0,0.0,28.0,0,0,-1,7.7958,0,0,1,0,0,1,0,0,0,0,0,0,0,0,0,1
758,0,2,0,0.0,18.0,0,0,-1,11.5,0,0,1,0,0,1,0,0,0,0,0,0,0,0,0,1
759,0,3,0,0.0,34.0,0,0,-1,8.05,0,0,1,0,0,1,0,0,0,0,0,0,0,0,0,1
760,0,1,0,1.0,33.0,1,0,1,28.833333333333332,0,0,1,0,1,0,0,0,0,1,0,0,0,0,0,0
761,0,3,0,0.0,36.0,1,0,0,7.25,0,0,1,0,0,1,0,0,0,0,0,0,0,0,0,1
762,0,3,0,0.0,41.0,0,0,-1,7.125,0,0,1,0,0,1,0,0,0,0,0,0,0,0,0,1
763,0,3,0,1.0,20.0,0,0,-1,7.2292,1,0,0,0,0,1,0,0,0,0,0,0,0,0,0,1
764,2,1,1,1.0,36.0,2,1,1,30.0,0,0,1,0,0,0,1,0,0,1,0,0,0,0,0,0
765,0,3,0,0.0,16.0,0,0,-1,7.775,0,0,1,0,0,1,0,0,0,0,0,0,0,0,0,1
766,0,1,1,1.0,51.0,2,0,0,25.986099999999997,0,0,1,0,0,0,1,0,0,0,0,1,0,0,0,0
767,0,1,0,0.0,58.0,0,0,-1,39.6,1,0,0,0,0,0,0,1,0,0,0,0,0,0,0,1
768,0,3,0,0.0,30.5,0,0,-1,7.75,0,1,0,0,1,0,0,0,0,0,0,0,0,0,0,1
769,0,3,1,0.0,36.0,2,0,1,8.049999999999999,0,1,0,0,0,1,0,0,0,0,0,0,0,0,0,1
770,0,3,0,0.0,32.0,0,0,-1,8.3625,0,0,1,0,0,1,0,0,0,0,0,0,0,0,0,1
771,0,3,0,0.0,24.0,0,0,-1,9.5,0,0,1,0,0,1,0,0,0,0,0,0,0,0,0,1
772,0,3,0,0.0,48.0,0,0,-1,7.8542,0,0,1,0,0,1,0,0,0,0,0,0,0,0,0,1
773,0,2,0,0.0,57.0,1,0,0,5.25,0,0,1,0,0,0,1,0,0,0,0,0,1,0,0,0
774,0,3,0,0.0,21.0,0,0,-1,7.225,1,0,0,0,0,1,0,0,0,0,0,0,0,0,0,1
775,3,2,1,1.0,54.0,3,1,0,11.5,0,0,1,0,0,0,1,0,0,0,0,0,0,0,0,1
776,0,3,0,0.0,18.0,0,0,-1,7.75,0,0,1,0,0,1,0,0,0,0,0,0,0,0,0,1
777,0,3,0,0.0,27.0,0,0,-1,7.75,0,1,0,0,0,1,0,0,0,0,0,0,0,1,0,0
778,0,3,0,1.0,5.0,1,0,1,6.2375,0,0,1,0,1,0,0,0,0,0,0,0,0,0,0,1
779,0,3,0,0.0,21.0,0,0,-1,7.7375,0,1,0,0,0,1,0,0,0,0,0,0,0,0,0,1
780,1,1,0,1.0,43.0,2,1,0,52.834375,0,0,1,0,0,0,1,0,0,1,0,0,0,0,0,0
781,0,3,0,1.0,13.0,0,0,-1,7.2292,1,0,0,0,1,0,0,0,0,0,0,0,0,0,0,1
782,0,1,1,1.0,17.0,2,0,1,28.5,0,0,1,0,0,0,1,0,0,1,0,0,0,0,0,0
783,0,1,0,0.0,29.0,0,0,-1,30.0,0,0,1,0,0,1,0,0,0,0,0,1,0,0,0,0
784,2,3,1,0.0,19.0,2,0,0,5.8625,0,0,1,0,0,1,0,0,0,0,0,0,0,0,0,1
785,0,3,0,0.0,25.0,0,0,-1,7.05,0,0,1,0,0,1,0,0,0,0,0,0,0,0,0,1
786,0,3,0,0.0,25.0,0,0,-1,7.25,0,0,1,0,0,1,0,0,0,0,0,0,0,0,0,1
787,0,3,0,1.0,18.0,0,0,-1,7.4958,0,0,1,0,1,0,0,0,0,0,0,0,0,0,0,1
788,1,3,4,0.0,8.0,3,0,0,4.854166666666667,0,1,0,1,0,0,0,0,0,0,0,0,0,0,0,1
789,2,3,1,1.0,1.0,2,0,0,5.14375,0,0,1,1,0,0,0,0,0,0,0,0,0,0,0,1
790,0,1,0,0.0,46.0,1,0,0,39.6,1,0,0,0,0,1,0,0,0,1,0,0,0,0,0,0
791,0,3,0,0.0,28.0,0,0,-1,7.75,0,1,0,0,0,1,0,0,0,0,0,0,0,0,0,1
792,0,2,0,0.0,16.0,1,0,0,13.0,0,0,1,0,0,1,0,0,0,0,0,0,0,0,0,1
793,2,3,8,0.0,25.0,3,0,0,6.322727272727272,0,0,1,0,1,0,0,0,0,0,0,0,0,0,0,1
794,0,1,0,0.0,33.0,0,0,-1,30.6958,1,0,0,0,0,1,0,0,0,0,0,0,0,0,0,1
795,0,3,0,0.0,25.0,0,0,-1,7.8958,0,0,1,0,0,1,0,0,0,0,0,0,0,0,0,1
796,0,2,0,0.0,39.0,0,0,-1,13.0,0,0,1,0,0,1,0,0,0,0,0,0,0,0,0,1
797,0,1,0,1.0,49.0,0,0,-1,25.9292,0,0,1,0,1,0,0,0,0,0,0,1,0,0,0,0
798,0,3,0,1.0,31.0,0,0,-1,8.6833,0,0,1,0,0,0,1,0,0,0,0,0,0,0,0,1
799,0,3,0,0.0,30.0,0,0,-1,7.2292,1,0,0,0,0,1,0,0,0,0,0,0,0,0,0,1
800,1,3,1,0.0,30.0,2,1,0,8.049999999999999,0,0,1,0,0,0,1,0,0,0,0,0,0,0,0,1
801,0,2,0,0.0,34.0,1,0,0,6.5,0,0,1,0,0,1,0,0,0,0,0,0,0,0,0,1
802,1,2,1,1.0,31.0,2,1,1,8.75,0,0,1,0,0,0,1,0,0,0,0,0,0,0,0,1
803,2,1,1,1.0,11.0,2,0,1,30.0,0,0,1,1,0,0,0,0,0,1,0,0,0,0,0,0
804,1,3,0,1.0,0.42,2,0,0,4.25835,1,0,0,1,0,0,0,0,0,0,0,0,0,0,0,1
805,0,3,0,1.0,27.0,0,0,-1,6.975,0,0,1,0,0,1,0,0,0,0,0,0,0,0,0,1
806,0,3,0,0.0,31.0,0,0,-1,7.775,0,0,1,0,0,1,0,0,0,0,0,0,0,0,0,1
807,0,1,0,0.0,39.0,0,0,-1,26.55,0,0,1,0,0,1,0,0,1,0,0,0,0,0,0,0
808,0,3,0,0.0,18.0,0,0,-1,7.775,0,0,1,0,1,0,0,0,0,0,0,0,0,0,0,1
809,0,2,0,0.0,39.0,0,0,-1,13.0,0,0,1,0,0,1,0,0,0,0,0,0,0,0,0,1
810,0,1,1,1.0,33.0,2,0,1,26.55,0,0,1,0,0,0,1,0,0,0,0,0,1,0,0,0
811,0,3,0,0.0,26.0,0,0,-1,7.8875,0,0,1,0,0,1,0,0,0,0,0,0,0,0,0,1
812,0,3,0,0.0,39.0,1,0,0,8.049999999999999,0,0,1,0,0,1,0,0,0,0,0,0,0,0,0,1
813,0,2,0,0.0,35.0,0,0,-1,10.5,0,0,1,0,0,1,0,0,0,0,0,0,0,0,0,1
814,2,3,4,0.0,6.0,3,0,1,4.4678571428571425,0,0,1,0,1,0,0,0,0,0,0,0,0,0,0,1
815,0,3,0,0.0,30.5,0,0,-1,8.05,0,0,1,0,0,1,0,0,0,0,0,0,0,0,0,1
816,0,1,0,0.0,40.0,1,0,0,26.55,0,0,1,0,0,1,0,0,0,1,0,0,0,0,0,0
817,0,3,0,0.0,23.0,0,0,-1,7.925,0,0,1,0,1,0,0,0,0,0,0,0,0,0,0,1
818,1,2,1,0.0,31.0,2,0,1,12.334733333333332,1,0,0,0,0,1,0,0,0,0,0,0,0,0,0,1
819,0,3,0,0.0,43.0,0,0,-1,6.45,0,0,1,0,0,1,0,0,0,0,0,0,0,0,0,1
820,2,3,3,0.0,10.0,3,0,0,4.6499999999999995,0,0,1,1,0,0,0,0,0,0,0,0,0,0,0,1
821,1,1,1,1.0,52.0,2,1,0,23.375,0,0,1,0,0,0,1,0,0,1,0,0,0,0,0,0
822,0,3,0,1.0,27.0,0,0,-1,8.6625,0,0,1,0,0,1,0,0,0,0,0,0,0,0,0,1
823,0,1,0,0.0,38.0,0,0,-1,26.55,0,0,1,0,0,1,0,0,0,0,0,0,0,0,0,1
824,1,3,0,1.0,27.0,2,1,1,6.2375,0,0,1,0,0,0,1,0,0,0,0,0,1,0,0,0
825,1,3,4,0.0,2.0,3,0,0,5.669642857142857,0,0,1,1,0,0,0,0,0,0,0,0,0,0,0,1
826,0,3,0,0.0,36.0,0,0,-1,6.95,0,1,0,0,0,1,0,0,0,0,0,0,0,0,0,1
827,0,3,0,0.0,20.0,1,0,1,7.061975,0,0,1,0,0,1,0,0,0,0,0,0,0,0,0,1
828,2,2,0,1.0,1.0,2,0,0,12.334733333333332,1,0,0,1,0,0,0,0,0,0,0,0,0,0,0,1
829,0,3,0,1.0,32.0,0,0,-1,7.75,0,1,0,0,0,1,0,0,0,0,0,0,0,0,0,1
830,0,1,0,1.0,62.0,1,0,1,40.0,1,0,0,0,0,0,1,0,0,1,0,0,0,0,0,0
831,0,3,1,1.0,15.0,2,0,0,7.2271,1,0,0,0,0,0,1,0,0,0,0,0,0,0,0,1
832,1,2,1,1.0,0.83,2,0,1,6.25,0,0,1,1,0,0,0,0,0,0,0,0,0,0,0,1
833,0,3,0,0.0,19.0,0,0,-1,7.2292,1,0,0,0,0,1,0,0,0,0,0,0,0,0,0,1
834,0,3,0,0.0,23.0,0,0,-1,7.8542,0,0,1,0,0,1,0,0,0,0,0,0,0,0,0,1
835,0,3,0,0.0,18.0,0,0,-1,8.3,0,0,1,0,0,1,0,0,0,0,0,0,0,0,0,1
836,1,1,1,1.0,39.0,2,0,0,27.71943333333333,1,0,0,0,1,0,0,0,0,0,0,0,1,0,0,0
837,0,3,0,0.0,21.0,0,0,-1,8.6625,0,0,1,0,0,1,0,0,0,0,0,0,0,0,0,1
838,0,3,0,0.0,30.0,0,0,-1,8.05,0,0,1,0,0,1,0,0,0,0,0,0,0,0,0,1
839,0,3,0,1.0,32.0,1,0,1,7.061975,0,0,1,0,0,1,0,0,0,0,0,0,0,0,0,1
840,0,1,0,1.0,53.0,0,0,-1,29.7,1,0,0,0,0,1,0,0,0,0,1,0,0,0,0,0
841,0,3,0,0.0,20.0,0,0,-1,7.925,0,0,1,0,0,1,0,0,0,0,0,0,0,0,0,1
842,0,2,0,0.0,16.0,1,0,0,5.25,0,0,1,0,0,1,0,0,0,0,0,0,1,0,0,0
843,0,1,0,1.0,30.0,1,0,0,15.5,1,0,0,0,1,0,0,0,0,0,0,0,0,0,0,1
844,0,3,0,0.0,34.5,0,0,-1,6.4375,1,0,0,0,0,1,0,0,0,0,0,0,0,0,0,1
845,0,3,0,0.0,17.0,0,0,-1,8.6625,0,0,1,0,0,1,0,0,0,0,0,0,0,0,0,1
846,0,3,0,0.0,42.0,0,0,-1,7.55,0,0,1,0,0,1,0,0,0,0,0,0,0,0,0,1
847,2,3,8,0.0,28.0,3,0,0,6.322727272727272,0,0,1,0,0,1,0,0,0,0,0,0,0,0,0,1
848,0,3,0,0.0,35.0,0,0,-1,7.8958,1,0,0,0,0,1,0,0,0,0,0,0,0,0,0,1
849,1,2,0,0.0,28.0,2,0,1,11.0,0,0,1,0,0,0,0,1,0,0,0,1,0,0,0,0
850,0,1,1,1.0,37.0,2,0,1,44.5521,1,0,0,0,0,0,1,0,0,0,1,0,0,0,0,0
851,2,3,4,0.0,4.0,3,0,1,4.4678571428571425,0,0,1,1,0,0,0,0,0,0,0,0,0,0,0,1
852,0,3,0,0.0,74.0,0,0,-1,7.775,0,0,1,0,0,1,0,0,0,0,0,0,0,0,0,1
853,1,3,1,0.0,9.0,2,0,0,5.081933333333333,1,0,0,0,1,0,0,0,0,0,0,0,0,0,0,1
854,1,1,0,1.0,16.0,2,0,0,19.7,0,0,1,0,1,0,0,0,0,0,0,1,0,0,0,0
855,0,2,1,0.0,44.0,2,0,0,13.0,0,0,1,0,0,0,1,0,0,1,0,0,0,0,0,0
856,1,3,0,1.0,18.0,2,1,0,4.675,0,0,1,0,0,0,1,0,0,0,0,0,0,0,0,1
857,1,1,1,1.0,45.0,2,1,1,41.216675,0,0,1,0,0,0,1,0,0,0,1,0,0,0,0,0
858,0,1,0,1.0,51.0,0,0,-1,26.55,0,0,1,0,0,1,0,0,0,0,0,0,1,0,0,0
859,3,3,0,1.0,24.0,2,1,1,4.814575,1,0,0,0,0,0,1,0,0,0,0,0,0,0,0,1
860,0,3,0,0.0,26.0,0,0,-1,7.2292,1,0,0,0,0,1,0,0,0,0,0,0,0,0,0,1
861,0,3,2,0.0,41.0,2,0,0,7.05415,0,0,1,0,0,1,0,0,0,0,0,0,0,0,0,1
862,0,2,1,0.0,21.0,2,0,0,11.5,0,0,1,0,0,1,0,0,0,0,0,0,0,0,0,1
863,0,1,0,1.0,48.0,0,0,-1,25.9292,0,0,1,0,0,0,1,0,0,0,0,1,0,0,0,0
864,2,3,8,0.0,10.0,3,0,0,6.322727272727272,0,0,1,0,1,0,0,0,0,0,0,0,0,0,0,1
865,0,2,0,0.0,24.0,0,0,-1,13.0,0,0,1,0,0,1,0,0,0,0,0,0,0,0,0,1
866,0,2,0,1.0,42.0,0,0,-1,13.0,0,0,1,0,0,0,1,0,0,0,0,0,0,0,0,1
867,0,2,1,1.0,27.0,2,0,0,6.92915,1,0,0,0,1,0,0,0,0,0,0,0,0,0,0,1
868,0,1,0,0.0,31.0,0,0,-1,50.4958,0,0,1,0,0,1,0,0,1,0,0,0,0,0,0,0
869,0,3,0,0.0,24.0,0,0,-1,9.5,0,0,1,0,0,1,0,0,0,0,0,0,0,0,0,1
870,1,3,1,1.0,4.0,2,0,1,3.7111,0,0,1,1,0,0,0,0,0,0,0,0,0,0,0,1
871,0,3,0,0.0,26.0,0,0,-1,7.8958,0,0,1,0,0,1,0,0,0,0,0,0,0,0,0,1
872,1,1,1,1.0,47.0,2,1,1,26.2771,0,0,1,0,0,0,1,0,0,0,0,1,0,0,0,0
873,0,1,0,0.0,33.0,0,0,-1,26.55,0,0,1,0,0,1,0,0,0,1,0,0,0,0,0,0
874,0,3,0,0.0,47.0,0,0,-1,9.0,0,0,1,0,0,1,0,0,0,0,0,0,0,0,0,1
875,0,2,1,1.0,28.0,2,0,0,12.0,1,0,0,0,0,0,1,0,0,0,0,0,0,0,0,1
876,0,3,0,1.0,15.0,0,0,-1,7.225,1,0,0,0,1,0,0,0,0,0,0,0,0,0,0,1
877,0,3,0,0.0,20.0,1,0,0,4.9229,0,0,1,0,0,1,0,0,0,0,0,0,0,0,0,1
878,0,3,0,0.0,19.0,0,0,-1,7.8958,0,0,1,0,0,1,0,0,0,0,0,0,0,0,0,1
879,0,3,0,0.0,32.0,0,0,-1,7.8958,0,0,1,0,0,1,0,0,0,0,0,0,0,0,0,1
880,1,1,0,1.0,56.0,2,1,0,27.71943333333333,1,0,0,0,0,0,1,0,0,0,1,0,0,0,0,0
881,1,2,0,1.0,25.0,2,1,0,13.0,0,0,1,0,0,0,1,0,0,0,0,0,0,0,0,1
882,0,3,0,0.0,33.0,0,0,-1,7.8958,0,0,1,0,0,1,0,0,0,0,0,0,0,0,0,1
883,0,3,0,0.0,22.0,0,0,-1,10.5167,0,0,1,0,1,0,0,0,0,0,0,0,0,0,0,1
884,0,2,0,0.0,28.0,0,0,-1,10.5,0,0,1,0,0,1,0,0,0,0,0,0,0,0,0,1
885,0,3,0,0.0,25.0,0,0,-1,7.05,0,0,1,0,0,1,0,0,0,0,0,0,0,0,0,1
886,5,3,0,0.0,39.0,3,1,0,4.854166666666667,0,1,0,0,0,0,1,0,0,0,0,0,0,0,0,1
887,0,2,0,0.0,27.0,0,0,-1,13.0,0,0,1,0,0,0,0,1,0,0,0,0,0,0,0,1
888,0,1,0,1.0,19.0,0,0,-1,30.0,0,0,1,0,1,0,0,0,0,1,0,0,0,0,0,0
889,2,3,1,0.0,11.0,2,0,0,5.8625,0,0,1,0,1,0,0,0,0,0,0,0,0,0,0,1
890,0,1,0,1.0,26.0,0,0,-1,30.0,1,0,0,0,0,1,0,0,0,0,1,0,0,0,0,0
891,0,3,0,0.0,32.0,0,0,-1,7.75,0,1,0,0,0,1,0,0,0,0,0,0,0,0,0,1
